-- MySQL dump 10.13  Distrib 5.7.26, for Linux (x86_64)
--
-- Host: localhost    Database: erp
-- ------------------------------------------------------
-- Server version	5.7.26-0ubuntu0.18.04.1

/*!40101 SET @OLD_CHARACTER_SET_CLIENT=@@CHARACTER_SET_CLIENT */;
/*!40101 SET @OLD_CHARACTER_SET_RESULTS=@@CHARACTER_SET_RESULTS */;
/*!40101 SET @OLD_COLLATION_CONNECTION=@@COLLATION_CONNECTION */;
/*!40101 SET NAMES utf8 */;
/*!40103 SET @OLD_TIME_ZONE=@@TIME_ZONE */;
/*!40103 SET TIME_ZONE='+00:00' */;
/*!40014 SET @OLD_UNIQUE_CHECKS=@@UNIQUE_CHECKS, UNIQUE_CHECKS=0 */;
/*!40014 SET @OLD_FOREIGN_KEY_CHECKS=@@FOREIGN_KEY_CHECKS, FOREIGN_KEY_CHECKS=0 */;
/*!40101 SET @OLD_SQL_MODE=@@SQL_MODE, SQL_MODE='NO_AUTO_VALUE_ON_ZERO' */;
/*!40111 SET @OLD_SQL_NOTES=@@SQL_NOTES, SQL_NOTES=0 */;

--
-- Table structure for table `accounts_featurespermission`
--

DROP TABLE IF EXISTS `accounts_featurespermission`;
/*!40101 SET @saved_cs_client     = @@character_set_client */;
/*!40101 SET character_set_client = utf8 */;
CREATE TABLE `accounts_featurespermission` (
  `id` int(11) NOT NULL AUTO_INCREMENT,
  `module` varchar(100) NOT NULL,
  `active` tinyint(1) NOT NULL,
  `created_on` datetime(6) NOT NULL,
  `name` varchar(100) NOT NULL,
  PRIMARY KEY (`id`)
) ENGINE=InnoDB AUTO_INCREMENT=22 DEFAULT CHARSET=latin1;
/*!40101 SET character_set_client = @saved_cs_client */;

--
-- Dumping data for table `accounts_featurespermission`
--

LOCK TABLES `accounts_featurespermission` WRITE;
/*!40000 ALTER TABLE `accounts_featurespermission` DISABLE KEYS */;
INSERT INTO `accounts_featurespermission` VALUES (1,'School-Profile',1,'2019-06-29 06:21:23.649765','1'),(2,'Branches',1,'2019-06-29 06:21:35.230542','1'),(3,'Organisation-Structure',1,'2019-06-29 06:22:01.002186','1'),(4,'User-Permission',1,'2019-06-29 06:22:12.528149','1'),(5,'Create-User',1,'2019-06-29 06:22:23.607629','1'),(6,'Employess',1,'2019-06-29 06:22:29.502284','1'),(7,'Pre-Admission',1,'2019-06-29 06:22:37.418928','1'),(8,'Forms-Layouts',1,'2019-06-29 06:22:54.044496','1'),(9,'Form-Preview',1,'2019-06-29 06:23:02.311808','1'),(10,'Alerts',1,'2019-06-29 06:23:08.539927','1'),(11,'Workflow',1,'2019-06-29 06:23:20.152636','1'),(12,'Templates',1,'2019-06-29 06:24:41.546911','1'),(13,'Imap',1,'2019-06-29 06:30:57.394330','1'),(14,'sms',1,'2019-06-29 06:31:07.522638','1'),(15,'subscription',1,'2019-06-29 06:31:18.262117','1'),(16,'Invoice',1,'2019-06-29 06:31:29.076798','1'),(17,'Reports',1,'2019-06-29 06:31:33.753335','1'),(18,'Campaigns',1,'2019-06-29 06:31:39.322234','1'),(19,'Announce',1,'2019-06-29 06:31:46.657934','1'),(20,'Online-Pay',1,'2019-06-29 06:31:53.196103','1'),(21,'Fee-Discount',1,'2019-06-29 06:32:01.878387','1');
/*!40000 ALTER TABLE `accounts_featurespermission` ENABLE KEYS */;
UNLOCK TABLES;

--
-- Table structure for table `accounts_module`
--

DROP TABLE IF EXISTS `accounts_module`;
/*!40101 SET @saved_cs_client     = @@character_set_client */;
/*!40101 SET character_set_client = utf8 */;
CREATE TABLE `accounts_module` (
  `id` int(11) NOT NULL AUTO_INCREMENT,
  `module` varchar(100) NOT NULL,
  `active` tinyint(1) NOT NULL,
  `created_on` datetime(6) NOT NULL,
  `name` varchar(100) NOT NULL,
  PRIMARY KEY (`id`)
) ENGINE=InnoDB AUTO_INCREMENT=3 DEFAULT CHARSET=latin1;
/*!40101 SET character_set_client = @saved_cs_client */;

--
-- Dumping data for table `accounts_module`
--

LOCK TABLES `accounts_module` WRITE;
/*!40000 ALTER TABLE `accounts_module` DISABLE KEYS */;
INSERT INTO `accounts_module` VALUES (1,'admissions',1,'2019-05-29 12:47:38.329221','1'),(2,'inquiries',1,'2019-05-29 12:47:47.903613','1');
/*!40000 ALTER TABLE `accounts_module` ENABLE KEYS */;
UNLOCK TABLES;

--
-- Table structure for table `accounts_modulepermission`
--

DROP TABLE IF EXISTS `accounts_modulepermission`;
/*!40101 SET @saved_cs_client     = @@character_set_client */;
/*!40101 SET character_set_client = utf8 */;
CREATE TABLE `accounts_modulepermission` (
  `id` int(11) NOT NULL AUTO_INCREMENT,
  `module` varchar(100) NOT NULL,
  `roles_id` int(11) DEFAULT NULL,
  `view` tinyint(1) NOT NULL,
  `create` tinyint(1) NOT NULL,
  `edit` tinyint(1) NOT NULL,
  `delete` tinyint(1) NOT NULL,
  `created_on` datetime(6) NOT NULL,
  `updated_at` datetime(6) NOT NULL,
  `school_id_id` int(11) DEFAULT NULL,
  PRIMARY KEY (`id`),
  KEY `accounts_modulepermi_school_id_id_1ac782d9_fk_accounts_` (`school_id_id`),
  KEY `accounts_modulepermission_roles_id_dbee3b54` (`roles_id`),
  CONSTRAINT `accounts_modulepermi_school_id_id_1ac782d9_fk_accounts_` FOREIGN KEY (`school_id_id`) REFERENCES `accounts_profile` (`id`),
  CONSTRAINT `accounts_modulepermission_roles_id_dbee3b54_fk_accounts_roles_id` FOREIGN KEY (`roles_id`) REFERENCES `accounts_roles` (`id`)
) ENGINE=InnoDB AUTO_INCREMENT=368 DEFAULT CHARSET=latin1;
/*!40101 SET character_set_client = @saved_cs_client */;

--
-- Dumping data for table `accounts_modulepermission`
--

LOCK TABLES `accounts_modulepermission` WRITE;
/*!40000 ALTER TABLE `accounts_modulepermission` DISABLE KEYS */;
INSERT INTO `accounts_modulepermission` VALUES (343,'admissions',39,1,0,0,1,'2019-07-05 10:55:34.344263','2019-07-05 10:55:34.344301',48),(344,'inquiries',39,0,1,1,0,'2019-07-05 10:55:34.401233','2019-07-05 10:55:34.401310',48),(345,'School-Profile',39,1,1,1,0,'2019-07-05 10:55:34.442686','2019-07-05 10:55:34.442730',48),(346,'Branches',39,1,1,1,1,'2019-07-05 10:55:34.619030','2019-07-05 10:55:34.619170',48),(347,'Organisation-Structure',39,1,1,1,1,'2019-07-05 10:55:34.661049','2019-07-05 10:55:34.661176',48),(348,'User-Permission',39,1,1,1,1,'2019-07-05 10:55:34.702831','2019-07-05 10:55:34.703004',48),(349,'Create-User',39,1,1,1,1,'2019-07-05 10:55:34.754278','2019-07-05 10:55:34.754409',48),(350,'Employess',39,1,1,1,1,'2019-07-05 10:55:34.795695','2019-07-05 10:55:34.795809',48),(351,'Pre-Admission',39,1,1,1,1,'2019-07-05 10:55:34.837423','2019-07-05 10:55:34.837550',48),(352,'Forms-Layouts',39,1,1,1,1,'2019-07-05 10:55:34.879055','2019-07-05 10:55:34.879152',48),(353,'Form-Preview',39,1,1,1,1,'2019-07-05 10:55:34.922525','2019-07-05 10:55:34.922722',48),(354,'Alerts',39,1,1,1,1,'2019-07-05 10:55:34.962551','2019-07-05 10:55:34.962657',48),(355,'Workflow',39,1,1,1,1,'2019-07-05 10:55:35.004570','2019-07-05 10:55:35.004687',48),(356,'Templates',39,1,1,1,1,'2019-07-05 10:55:35.055230','2019-07-05 10:55:35.055421',48),(357,'Imap',39,1,1,1,1,'2019-07-05 10:55:35.096511','2019-07-05 10:55:35.096609',48),(358,'sms',39,1,1,1,1,'2019-07-05 10:55:35.139219','2019-07-05 10:55:35.139367',48),(359,'subscription',39,1,1,1,1,'2019-07-05 10:55:35.179995','2019-07-05 10:55:35.180112',48),(360,'Invoice',39,1,1,1,1,'2019-07-05 10:55:35.222424','2019-07-05 10:55:35.222576',48),(361,'Reports',39,1,1,1,1,'2019-07-05 10:55:35.262730','2019-07-05 10:55:35.262789',48),(362,'Campaigns',39,1,1,1,1,'2019-07-05 10:55:35.304933','2019-07-05 10:55:35.305027',48),(363,'Announce',39,1,1,1,1,'2019-07-05 10:55:35.346996','2019-07-05 10:55:35.347117',48),(364,'Online-Pay',39,1,1,1,1,'2019-07-05 10:55:35.389098','2019-07-05 10:55:35.389204',48),(365,'Fee-Discount',39,1,1,1,1,'2019-07-05 10:55:35.430619','2019-07-05 10:55:35.430746',48),(366,'admissions',22,0,1,1,0,'2019-07-05 11:59:08.206371','2019-07-05 11:59:08.206439',48),(367,'School-Profile',22,0,1,1,0,'2019-07-05 11:59:53.581835','2019-07-05 11:59:53.581881',48);
/*!40000 ALTER TABLE `accounts_modulepermission` ENABLE KEYS */;
UNLOCK TABLES;

--
-- Table structure for table `accounts_profile`
--

DROP TABLE IF EXISTS `accounts_profile`;
/*!40101 SET @saved_cs_client     = @@character_set_client */;
/*!40101 SET character_set_client = utf8 */;
CREATE TABLE `accounts_profile` (
  `id` int(11) NOT NULL AUTO_INCREMENT,
  `mobile` varchar(14) DEFAULT NULL,
  `school` varchar(255) DEFAULT NULL,
  `user_role` varchar(100) NOT NULL,
  `is_admin` tinyint(1) NOT NULL,
  `user_id` int(11) NOT NULL,
  `dob` date DEFAULT NULL,
  `empid` varchar(255) DEFAULT NULL,
  `gender` varchar(50) DEFAULT NULL,
  `religion` varchar(255) DEFAULT NULL,
  `active` tinyint(1) NOT NULL,
  `images` varchar(100) DEFAULT NULL,
  PRIMARY KEY (`id`),
  UNIQUE KEY `user_id` (`user_id`),
  UNIQUE KEY `mobile` (`mobile`),
  CONSTRAINT `accounts_profile_user_id_49a85d32_fk_auth_user_id` FOREIGN KEY (`user_id`) REFERENCES `auth_user` (`id`)
) ENGINE=InnoDB AUTO_INCREMENT=49 DEFAULT CHARSET=latin1;
/*!40101 SET character_set_client = @saved_cs_client */;

--
-- Dumping data for table `accounts_profile`
--

LOCK TABLES `accounts_profile` WRITE;
/*!40000 ALTER TABLE `accounts_profile` DISABLE KEYS */;
INSERT INTO `accounts_profile` VALUES (2,NULL,NULL,'CEO',0,2,'2019-06-29',NULL,NULL,NULL,1,''),(48,'1227875989','schools','CEO',0,64,NULL,NULL,NULL,NULL,1,'');
/*!40000 ALTER TABLE `accounts_profile` ENABLE KEYS */;
UNLOCK TABLES;

--
-- Table structure for table `accounts_roles`
--

DROP TABLE IF EXISTS `accounts_roles`;
/*!40101 SET @saved_cs_client     = @@character_set_client */;
/*!40101 SET character_set_client = utf8 */;
CREATE TABLE `accounts_roles` (
  `id` int(11) NOT NULL AUTO_INCREMENT,
  `roles` varchar(100) NOT NULL,
  `parent_territory` varchar(100) NOT NULL,
  `created_on` datetime(6) NOT NULL,
  `school_id_id` int(11) DEFAULT NULL,
  `user_id_id` int(11) DEFAULT NULL,
  PRIMARY KEY (`id`),
  KEY `accounts_roles_school_id_id_5b32fa1a_fk_accounts_profile_id` (`school_id_id`),
  KEY `accounts_roles_user_id_id_aaf7ec1f_fk_auth_user_id` (`user_id_id`),
  CONSTRAINT `accounts_roles_school_id_id_5b32fa1a_fk_accounts_profile_id` FOREIGN KEY (`school_id_id`) REFERENCES `accounts_profile` (`id`),
  CONSTRAINT `accounts_roles_user_id_id_aaf7ec1f_fk_auth_user_id` FOREIGN KEY (`user_id_id`) REFERENCES `auth_user` (`id`)
) ENGINE=InnoDB AUTO_INCREMENT=40 DEFAULT CHARSET=latin1;
/*!40101 SET character_set_client = @saved_cs_client */;

--
-- Dumping data for table `accounts_roles`
--

LOCK TABLES `accounts_roles` WRITE;
/*!40000 ALTER TABLE `accounts_roles` DISABLE KEYS */;
INSERT INTO `accounts_roles` VALUES (22,'CEO','','2019-07-01 11:12:00.423571',48,64),(23,'manager','CEO','2019-07-01 11:12:45.344050',48,64),(39,'test','manager','2019-07-05 10:55:34.269543',48,64);
/*!40000 ALTER TABLE `accounts_roles` ENABLE KEYS */;
UNLOCK TABLES;

--
-- Table structure for table `accounts_school`
--

DROP TABLE IF EXISTS `accounts_school`;
/*!40101 SET @saved_cs_client     = @@character_set_client */;
/*!40101 SET character_set_client = utf8 */;
CREATE TABLE `accounts_school` (
  `id` int(11) NOT NULL AUTO_INCREMENT,
  `website` varchar(200) DEFAULT NULL,
  `landline` varchar(30) DEFAULT NULL,
  `medium` varchar(30) DEFAULT NULL,
  `description` longtext,
  `trust` varchar(40) DEFAULT NULL,
  `address` longtext,
  `country` varchar(40) NOT NULL,
  `state` varchar(30) DEFAULT NULL,
  `city` varchar(30) DEFAULT NULL,
  `pin` varchar(10) DEFAULT NULL,
  `school_id` int(11) DEFAULT NULL,
  `grade_from` varchar(10) DEFAULT NULL,
  `grade_to` varchar(10) DEFAULT NULL,
  `school_images` varchar(100) DEFAULT NULL,
  `school_type` varchar(10) DEFAULT NULL,
  PRIMARY KEY (`id`),
  KEY `accounts_school_school_id_cbb59c0f_fk_accounts_profile_id` (`school_id`),
  CONSTRAINT `accounts_school_school_id_cbb59c0f_fk_accounts_profile_id` FOREIGN KEY (`school_id`) REFERENCES `accounts_profile` (`id`)
) ENGINE=InnoDB AUTO_INCREMENT=3 DEFAULT CHARSET=latin1;
/*!40101 SET character_set_client = @saved_cs_client */;

--
-- Dumping data for table `accounts_school`
--

LOCK TABLES `accounts_school` WRITE;
/*!40000 ALTER TABLE `accounts_school` DISABLE KEYS */;
INSERT INTO `accounts_school` VALUES (2,'http://www.goole.com','2','asdad','saddad','fdsfds','','Andorra','Ordino','Ordino','560067',48,'asdsad','1','/media/IMG_484861_ZYaxI2P.jpg','IB School');
/*!40000 ALTER TABLE `accounts_school` ENABLE KEYS */;
UNLOCK TABLES;

--
-- Table structure for table `accounts_schooltype`
--

DROP TABLE IF EXISTS `accounts_schooltype`;
/*!40101 SET @saved_cs_client     = @@character_set_client */;
/*!40101 SET character_set_client = utf8 */;
CREATE TABLE `accounts_schooltype` (
  `id` int(11) NOT NULL AUTO_INCREMENT,
  `name` varchar(20) NOT NULL,
  `created_on` datetime(6) NOT NULL,
  PRIMARY KEY (`id`),
  KEY `accounts_schooltype_name_2edd7f6f` (`name`)
) ENGINE=InnoDB AUTO_INCREMENT=13 DEFAULT CHARSET=latin1;
/*!40101 SET character_set_client = @saved_cs_client */;

--
-- Dumping data for table `accounts_schooltype`
--

LOCK TABLES `accounts_schooltype` WRITE;
/*!40000 ALTER TABLE `accounts_schooltype` DISABLE KEYS */;
INSERT INTO `accounts_schooltype` VALUES (1,'Preschool/Playschool','2019-07-01 06:34:33.638709'),(2,'Primary School','2019-07-01 06:34:40.698061'),(3,'Middle School','2019-07-01 06:34:49.665391'),(4,'High School','2019-07-01 06:34:55.829187'),(5,'CBSE School','2019-07-01 06:35:01.318931'),(6,'ICSE School','2019-07-01 06:35:07.533395'),(7,'IGCSE School','2019-07-01 06:35:13.242651'),(8,'IB School','2019-07-01 06:35:17.852604'),(9,'International School','2019-07-01 06:35:22.518776'),(10,'Boarding School','2019-07-01 06:35:27.493115'),(11,'State Board School','2019-07-01 06:35:33.000646'),(12,'Coaching /Tution','2019-07-01 06:35:38.948989');
/*!40000 ALTER TABLE `accounts_schooltype` ENABLE KEYS */;
UNLOCK TABLES;

--
-- Table structure for table `auth_group`
--

DROP TABLE IF EXISTS `auth_group`;
/*!40101 SET @saved_cs_client     = @@character_set_client */;
/*!40101 SET character_set_client = utf8 */;
CREATE TABLE `auth_group` (
  `id` int(11) NOT NULL AUTO_INCREMENT,
  `name` varchar(150) NOT NULL,
  PRIMARY KEY (`id`),
  UNIQUE KEY `name` (`name`)
) ENGINE=InnoDB DEFAULT CHARSET=latin1;
/*!40101 SET character_set_client = @saved_cs_client */;

--
-- Dumping data for table `auth_group`
--

LOCK TABLES `auth_group` WRITE;
/*!40000 ALTER TABLE `auth_group` DISABLE KEYS */;
/*!40000 ALTER TABLE `auth_group` ENABLE KEYS */;
UNLOCK TABLES;

--
-- Table structure for table `auth_group_permissions`
--

DROP TABLE IF EXISTS `auth_group_permissions`;
/*!40101 SET @saved_cs_client     = @@character_set_client */;
/*!40101 SET character_set_client = utf8 */;
CREATE TABLE `auth_group_permissions` (
  `id` int(11) NOT NULL AUTO_INCREMENT,
  `group_id` int(11) NOT NULL,
  `permission_id` int(11) NOT NULL,
  PRIMARY KEY (`id`),
  UNIQUE KEY `auth_group_permissions_group_id_permission_id_0cd325b0_uniq` (`group_id`,`permission_id`),
  KEY `auth_group_permissio_permission_id_84c5c92e_fk_auth_perm` (`permission_id`),
  CONSTRAINT `auth_group_permissio_permission_id_84c5c92e_fk_auth_perm` FOREIGN KEY (`permission_id`) REFERENCES `auth_permission` (`id`),
  CONSTRAINT `auth_group_permissions_group_id_b120cbf9_fk_auth_group_id` FOREIGN KEY (`group_id`) REFERENCES `auth_group` (`id`)
) ENGINE=InnoDB DEFAULT CHARSET=latin1;
/*!40101 SET character_set_client = @saved_cs_client */;

--
-- Dumping data for table `auth_group_permissions`
--

LOCK TABLES `auth_group_permissions` WRITE;
/*!40000 ALTER TABLE `auth_group_permissions` DISABLE KEYS */;
/*!40000 ALTER TABLE `auth_group_permissions` ENABLE KEYS */;
UNLOCK TABLES;

--
-- Table structure for table `auth_permission`
--

DROP TABLE IF EXISTS `auth_permission`;
/*!40101 SET @saved_cs_client     = @@character_set_client */;
/*!40101 SET character_set_client = utf8 */;
CREATE TABLE `auth_permission` (
  `id` int(11) NOT NULL AUTO_INCREMENT,
  `name` varchar(255) NOT NULL,
  `content_type_id` int(11) NOT NULL,
  `codename` varchar(100) NOT NULL,
  PRIMARY KEY (`id`),
  UNIQUE KEY `auth_permission_content_type_id_codename_01ab375a_uniq` (`content_type_id`,`codename`),
  CONSTRAINT `auth_permission_content_type_id_2f476e4b_fk_django_co` FOREIGN KEY (`content_type_id`) REFERENCES `django_content_type` (`id`)
) ENGINE=InnoDB AUTO_INCREMENT=113 DEFAULT CHARSET=latin1;
/*!40101 SET character_set_client = @saved_cs_client */;

--
-- Dumping data for table `auth_permission`
--

LOCK TABLES `auth_permission` WRITE;
/*!40000 ALTER TABLE `auth_permission` DISABLE KEYS */;
INSERT INTO `auth_permission` VALUES (1,'Can add log entry',1,'add_logentry'),(2,'Can change log entry',1,'change_logentry'),(3,'Can delete log entry',1,'delete_logentry'),(4,'Can view log entry',1,'view_logentry'),(5,'Can add permission',2,'add_permission'),(6,'Can change permission',2,'change_permission'),(7,'Can delete permission',2,'delete_permission'),(8,'Can view permission',2,'view_permission'),(9,'Can add group',3,'add_group'),(10,'Can change group',3,'change_group'),(11,'Can delete group',3,'delete_group'),(12,'Can view group',3,'view_group'),(13,'Can add user',4,'add_user'),(14,'Can change user',4,'change_user'),(15,'Can delete user',4,'delete_user'),(16,'Can view user',4,'view_user'),(17,'Can add content type',5,'add_contenttype'),(18,'Can change content type',5,'change_contenttype'),(19,'Can delete content type',5,'delete_contenttype'),(20,'Can view content type',5,'view_contenttype'),(21,'Can add session',6,'add_session'),(22,'Can change session',6,'change_session'),(23,'Can delete session',6,'delete_session'),(24,'Can view session',6,'view_session'),(25,'Can add module',7,'add_module'),(26,'Can change module',7,'change_module'),(27,'Can delete module',7,'delete_module'),(28,'Can view module',7,'view_module'),(29,'Can add profile',8,'add_profile'),(30,'Can change profile',8,'change_profile'),(31,'Can delete profile',8,'delete_profile'),(32,'Can view profile',8,'view_profile'),(33,'Can add roles',9,'add_roles'),(34,'Can change roles',9,'change_roles'),(35,'Can delete roles',9,'delete_roles'),(36,'Can view roles',9,'view_roles'),(37,'Can add module permission',10,'add_modulepermission'),(38,'Can change module permission',10,'change_modulepermission'),(39,'Can delete module permission',10,'delete_modulepermission'),(40,'Can view module permission',10,'view_modulepermission'),(41,'Can add dynamic forms',11,'add_dynamicforms'),(42,'Can change dynamic forms',11,'change_dynamicforms'),(43,'Can delete dynamic forms',11,'delete_dynamicforms'),(44,'Can view dynamic forms',11,'view_dynamicforms'),(45,'Can add saved forms',12,'add_savedforms'),(46,'Can change saved forms',12,'change_savedforms'),(47,'Can delete saved forms',12,'delete_savedforms'),(48,'Can view saved forms',12,'view_savedforms'),(49,'Can add dynamic forms',13,'add_dynamicforms'),(50,'Can change dynamic forms',13,'change_dynamicforms'),(51,'Can delete dynamic forms',13,'delete_dynamicforms'),(52,'Can view dynamic forms',13,'view_dynamicforms'),(53,'Can add saved forms',14,'add_savedforms'),(54,'Can change saved forms',14,'change_savedforms'),(55,'Can delete saved forms',14,'delete_savedforms'),(56,'Can view saved forms',14,'view_savedforms'),(57,'Can add sample forms',15,'add_sampleforms'),(58,'Can change sample forms',15,'change_sampleforms'),(59,'Can delete sample forms',15,'delete_sampleforms'),(60,'Can view sample forms',15,'view_sampleforms'),(61,'Can add dynamic form output',16,'add_dynamicformoutput'),(62,'Can change dynamic form output',16,'change_dynamicformoutput'),(63,'Can delete dynamic form output',16,'delete_dynamicformoutput'),(64,'Can view dynamic form output',16,'view_dynamicformoutput'),(65,'Can add work flow',17,'add_workflow'),(66,'Can change work flow',17,'change_workflow'),(67,'Can delete work flow',17,'delete_workflow'),(68,'Can view work flow',17,'view_workflow'),(69,'Can add work flow when',18,'add_workflowwhen'),(70,'Can change work flow when',18,'change_workflowwhen'),(71,'Can delete work flow when',18,'delete_workflowwhen'),(72,'Can view work flow when',18,'view_workflowwhen'),(73,'Can add work flow condition',19,'add_workflowcondition'),(74,'Can change work flow condition',19,'change_workflowcondition'),(75,'Can delete work flow condition',19,'delete_workflowcondition'),(76,'Can view work flow condition',19,'view_workflowcondition'),(77,'Can add create rule',20,'add_createrule'),(78,'Can change create rule',20,'change_createrule'),(79,'Can delete create rule',20,'delete_createrule'),(80,'Can view create rule',20,'view_createrule'),(81,'Can add work flow leads',21,'add_workflowleads'),(82,'Can change work flow leads',21,'change_workflowleads'),(83,'Can delete work flow leads',21,'delete_workflowleads'),(84,'Can view work flow leads',21,'view_workflowleads'),(85,'Can add email notification',22,'add_emailnotification'),(86,'Can change email notification',22,'change_emailnotification'),(87,'Can delete email notification',22,'delete_emailnotification'),(88,'Can view email notification',22,'view_emailnotification'),(89,'Can add email schedule report',23,'add_emailschedulereport'),(90,'Can change email schedule report',23,'change_emailschedulereport'),(91,'Can delete email schedule report',23,'delete_emailschedulereport'),(92,'Can view email schedule report',23,'view_emailschedulereport'),(93,'Can add scheduled email list',24,'add_scheduledemaillist'),(94,'Can change scheduled email list',24,'change_scheduledemaillist'),(95,'Can delete scheduled email list',24,'delete_scheduledemaillist'),(96,'Can view scheduled email list',24,'view_scheduledemaillist'),(97,'Can add email template',25,'add_emailtemplate'),(98,'Can change email template',25,'change_emailtemplate'),(99,'Can delete email template',25,'delete_emailtemplate'),(100,'Can view email template',25,'view_emailtemplate'),(101,'Can add features permission',26,'add_featurespermission'),(102,'Can change features permission',26,'change_featurespermission'),(103,'Can delete features permission',26,'delete_featurespermission'),(104,'Can view features permission',26,'view_featurespermission'),(105,'Can add school',27,'add_school'),(106,'Can change school',27,'change_school'),(107,'Can delete school',27,'delete_school'),(108,'Can view school',27,'view_school'),(109,'Can add school type',28,'add_schooltype'),(110,'Can change school type',28,'change_schooltype'),(111,'Can delete school type',28,'delete_schooltype'),(112,'Can view school type',28,'view_schooltype');
/*!40000 ALTER TABLE `auth_permission` ENABLE KEYS */;
UNLOCK TABLES;

--
-- Table structure for table `auth_user`
--

DROP TABLE IF EXISTS `auth_user`;
/*!40101 SET @saved_cs_client     = @@character_set_client */;
/*!40101 SET character_set_client = utf8 */;
CREATE TABLE `auth_user` (
  `id` int(11) NOT NULL AUTO_INCREMENT,
  `password` varchar(128) NOT NULL,
  `last_login` datetime(6) DEFAULT NULL,
  `is_superuser` tinyint(1) NOT NULL,
  `username` varchar(150) NOT NULL,
  `first_name` varchar(30) NOT NULL,
  `last_name` varchar(150) NOT NULL,
  `email` varchar(254) NOT NULL,
  `is_staff` tinyint(1) NOT NULL,
  `is_active` tinyint(1) NOT NULL,
  `date_joined` datetime(6) NOT NULL,
  PRIMARY KEY (`id`),
  UNIQUE KEY `username` (`username`),
  UNIQUE KEY `auth_user_email_1c89df09_uniq` (`email`)
) ENGINE=InnoDB AUTO_INCREMENT=65 DEFAULT CHARSET=latin1;
/*!40101 SET character_set_client = @saved_cs_client */;

--
-- Dumping data for table `auth_user`
--

LOCK TABLES `auth_user` WRITE;
/*!40000 ALTER TABLE `auth_user` DISABLE KEYS */;
INSERT INTO `auth_user` VALUES (2,'pbkdf2_sha256$150000$InIPDSwG2ynq$W2DmDLigGcFgAhnle/fQKm2lD8SyBWBTCb4OB2UY5NY=','2019-07-05 09:38:26.149144',1,'vignu','','','',1,1,'2019-05-29 12:47:14.246573'),(64,'pbkdf2_sha256$150000$00TylbNFKD4e$fP72FRPZDCWX0cKfYFLqq3XsLGC+tl09ROEYLZTaMU4=','2019-07-05 10:54:40.505237',0,'vigneshtk@schoolserv.in','subash','subu','vigneshtk@schoolserv.in',0,1,'2019-07-01 11:11:55.000000');
/*!40000 ALTER TABLE `auth_user` ENABLE KEYS */;
UNLOCK TABLES;

--
-- Table structure for table `auth_user_groups`
--

DROP TABLE IF EXISTS `auth_user_groups`;
/*!40101 SET @saved_cs_client     = @@character_set_client */;
/*!40101 SET character_set_client = utf8 */;
CREATE TABLE `auth_user_groups` (
  `id` int(11) NOT NULL AUTO_INCREMENT,
  `user_id` int(11) NOT NULL,
  `group_id` int(11) NOT NULL,
  PRIMARY KEY (`id`),
  UNIQUE KEY `auth_user_groups_user_id_group_id_94350c0c_uniq` (`user_id`,`group_id`),
  KEY `auth_user_groups_group_id_97559544_fk_auth_group_id` (`group_id`),
  CONSTRAINT `auth_user_groups_group_id_97559544_fk_auth_group_id` FOREIGN KEY (`group_id`) REFERENCES `auth_group` (`id`),
  CONSTRAINT `auth_user_groups_user_id_6a12ed8b_fk_auth_user_id` FOREIGN KEY (`user_id`) REFERENCES `auth_user` (`id`)
) ENGINE=InnoDB DEFAULT CHARSET=latin1;
/*!40101 SET character_set_client = @saved_cs_client */;

--
-- Dumping data for table `auth_user_groups`
--

LOCK TABLES `auth_user_groups` WRITE;
/*!40000 ALTER TABLE `auth_user_groups` DISABLE KEYS */;
/*!40000 ALTER TABLE `auth_user_groups` ENABLE KEYS */;
UNLOCK TABLES;

--
-- Table structure for table `auth_user_user_permissions`
--

DROP TABLE IF EXISTS `auth_user_user_permissions`;
/*!40101 SET @saved_cs_client     = @@character_set_client */;
/*!40101 SET character_set_client = utf8 */;
CREATE TABLE `auth_user_user_permissions` (
  `id` int(11) NOT NULL AUTO_INCREMENT,
  `user_id` int(11) NOT NULL,
  `permission_id` int(11) NOT NULL,
  PRIMARY KEY (`id`),
  UNIQUE KEY `auth_user_user_permissions_user_id_permission_id_14a6b632_uniq` (`user_id`,`permission_id`),
  KEY `auth_user_user_permi_permission_id_1fbb5f2c_fk_auth_perm` (`permission_id`),
  CONSTRAINT `auth_user_user_permi_permission_id_1fbb5f2c_fk_auth_perm` FOREIGN KEY (`permission_id`) REFERENCES `auth_permission` (`id`),
  CONSTRAINT `auth_user_user_permissions_user_id_a95ead1b_fk_auth_user_id` FOREIGN KEY (`user_id`) REFERENCES `auth_user` (`id`)
) ENGINE=InnoDB DEFAULT CHARSET=latin1;
/*!40101 SET character_set_client = @saved_cs_client */;

--
-- Dumping data for table `auth_user_user_permissions`
--

LOCK TABLES `auth_user_user_permissions` WRITE;
/*!40000 ALTER TABLE `auth_user_user_permissions` DISABLE KEYS */;
/*!40000 ALTER TABLE `auth_user_user_permissions` ENABLE KEYS */;
UNLOCK TABLES;

--
-- Table structure for table `django_admin_log`
--

DROP TABLE IF EXISTS `django_admin_log`;
/*!40101 SET @saved_cs_client     = @@character_set_client */;
/*!40101 SET character_set_client = utf8 */;
CREATE TABLE `django_admin_log` (
  `id` int(11) NOT NULL AUTO_INCREMENT,
  `action_time` datetime(6) NOT NULL,
  `object_id` longtext,
  `object_repr` varchar(200) NOT NULL,
  `action_flag` smallint(5) unsigned NOT NULL,
  `change_message` longtext NOT NULL,
  `content_type_id` int(11) DEFAULT NULL,
  `user_id` int(11) NOT NULL,
  PRIMARY KEY (`id`),
  KEY `django_admin_log_content_type_id_c4bce8eb_fk_django_co` (`content_type_id`),
  KEY `django_admin_log_user_id_c564eba6_fk_auth_user_id` (`user_id`),
  CONSTRAINT `django_admin_log_content_type_id_c4bce8eb_fk_django_co` FOREIGN KEY (`content_type_id`) REFERENCES `django_content_type` (`id`),
  CONSTRAINT `django_admin_log_user_id_c564eba6_fk_auth_user_id` FOREIGN KEY (`user_id`) REFERENCES `auth_user` (`id`)
) ENGINE=InnoDB AUTO_INCREMENT=1617 DEFAULT CHARSET=latin1;
/*!40101 SET character_set_client = @saved_cs_client */;

--
-- Dumping data for table `django_admin_log`
--

LOCK TABLES `django_admin_log` WRITE;
/*!40000 ALTER TABLE `django_admin_log` DISABLE KEYS */;
INSERT INTO `django_admin_log` VALUES (1,'2019-05-29 12:47:38.330006','1','Module object (1)',1,'[{\"added\": {}}]',7,2),(2,'2019-05-29 12:47:47.904612','2','Module object (2)',1,'[{\"added\": {}}]',7,2),(3,'2019-06-04 04:32:30.413541','1','DynamicForms object (1)',1,'[{\"added\": {}}]',13,2),(4,'2019-06-04 04:33:14.351531','1','DynamicForms object (1)',2,'[]',13,2),(5,'2019-06-04 04:33:22.205212','1','DynamicForms object (1)',3,'',13,2),(6,'2019-06-04 06:12:51.355655','2','ModulePermission object (2)',2,'[{\"changed\": {\"fields\": [\"view\"]}}]',10,2),(7,'2019-06-10 06:04:36.630777','2','DynamicForms object (2)',3,'',13,2),(8,'2019-06-10 06:05:48.660178','3','DynamicForms object (3)',3,'',13,2),(9,'2019-06-10 06:05:48.712840','1','DynamicForms object (1)',3,'',13,2),(10,'2019-06-10 06:06:13.308007','4','DynamicForms object (4)',3,'',13,2),(11,'2019-06-10 06:07:17.064817','7','DynamicForms object (7)',3,'',13,2),(12,'2019-06-10 06:07:17.140431','6','DynamicForms object (6)',3,'',13,2),(13,'2019-06-10 06:07:17.290969','5','DynamicForms object (5)',3,'',13,2),(14,'2019-06-10 06:09:14.081636','10','DynamicForms object (10)',3,'',13,2),(15,'2019-06-10 06:09:14.152598','9','DynamicForms object (9)',3,'',13,2),(16,'2019-06-10 06:11:01.330376','12','DynamicForms object (12)',3,'',13,2),(17,'2019-06-10 06:11:01.382070','11','DynamicForms object (11)',3,'',13,2),(18,'2019-06-10 11:03:19.617652','1','Module object (1)',2,'[{\"changed\": {\"fields\": [\"module\"]}}]',7,2),(19,'2019-06-10 11:04:07.280852','1','ModulePermission object (1)',2,'[{\"changed\": {\"fields\": [\"view\"]}}]',10,2),(20,'2019-06-11 05:09:15.910296','16','DynamicForms object (16)',3,'',13,2),(21,'2019-06-11 05:09:15.965053','15','DynamicForms object (15)',3,'',13,2),(22,'2019-06-11 05:09:16.014868','14','DynamicForms object (14)',3,'',13,2),(23,'2019-06-11 05:09:16.064925','13','DynamicForms object (13)',3,'',13,2),(24,'2019-06-11 05:09:16.198829','8','DynamicForms object (8)',3,'',13,2),(25,'2019-06-11 07:42:42.618168','3','SavedForms object (3)',3,'',14,2),(26,'2019-06-11 07:42:42.700472','2','SavedForms object (2)',3,'',14,2),(27,'2019-06-11 07:42:42.742123','1','SavedForms object (1)',3,'',14,2),(28,'2019-06-11 07:43:08.752731','6','SavedForms object (6)',3,'',14,2),(29,'2019-06-11 07:43:08.804534','5','SavedForms object (5)',3,'',14,2),(30,'2019-06-11 07:43:08.846081','4','SavedForms object (4)',3,'',14,2),(31,'2019-06-11 07:43:17.902926','7','SavedForms object (7)',3,'',14,2),(32,'2019-06-11 07:43:47.094690','9','SavedForms object (9)',3,'',14,2),(33,'2019-06-11 07:43:47.149123','8','SavedForms object (8)',3,'',14,2),(34,'2019-06-11 07:44:46.684652','11','SavedForms object (11)',3,'',14,2),(35,'2019-06-11 07:45:30.235566','14','SavedForms object (14)',3,'',14,2),(36,'2019-06-11 07:45:30.304051','13','SavedForms object (13)',3,'',14,2),(37,'2019-06-11 07:45:30.345295','12','SavedForms object (12)',3,'',14,2),(38,'2019-06-11 07:45:30.471299','10','SavedForms object (10)',3,'',14,2),(39,'2019-06-11 08:19:33.666385','16','SavedForms object (16)',3,'',14,2),(40,'2019-06-11 08:19:33.718641','15','SavedForms object (15)',3,'',14,2),(41,'2019-06-11 08:19:41.755871','3','DynamicForms object (3)',3,'',13,2),(42,'2019-06-11 08:19:41.809525','2','DynamicForms object (2)',3,'',13,2),(43,'2019-06-11 08:19:41.850870','1','DynamicForms object (1)',3,'',13,2),(44,'2019-06-11 08:31:01.342354','18','SavedForms object (18)',3,'',14,2),(45,'2019-06-11 08:31:01.396013','17','SavedForms object (17)',3,'',14,2),(46,'2019-06-11 08:32:25.137727','19','SavedForms object (19)',3,'',14,2),(47,'2019-06-11 08:41:33.160843','26','SavedForms object (26)',3,'',14,2),(48,'2019-06-11 08:41:33.228195','25','SavedForms object (25)',3,'',14,2),(49,'2019-06-11 08:41:33.270039','24','SavedForms object (24)',3,'',14,2),(50,'2019-06-11 08:41:33.311796','23','SavedForms object (23)',3,'',14,2),(51,'2019-06-11 08:41:33.353553','22','SavedForms object (22)',3,'',14,2),(52,'2019-06-11 08:41:33.394999','21','SavedForms object (21)',3,'',14,2),(53,'2019-06-11 08:41:33.562645','20','SavedForms object (20)',3,'',14,2),(54,'2019-06-11 08:52:15.096078','27','SavedForms object (27)',3,'',14,2),(55,'2019-06-11 08:55:33.597319','28','SavedForms object (28)',3,'',14,2),(56,'2019-06-11 08:56:22.059871','29','SavedForms object (29)',3,'',14,2),(57,'2019-06-11 08:57:05.474393','30','SavedForms object (30)',3,'',14,2),(58,'2019-06-11 09:38:05.747012','1','SampleForms object (1)',1,'[{\"added\": {}}]',15,2),(59,'2019-06-11 09:57:58.928138','2','SampleForms object (2)',1,'[{\"added\": {}}]',15,2),(60,'2019-06-11 10:02:21.186054','6','DynamicForms object (6)',3,'',13,2),(61,'2019-06-12 12:17:26.867069','5','inquiries',3,'',20,2),(62,'2019-06-12 12:17:26.905296','4','admissions',3,'',20,2),(63,'2019-06-12 12:17:26.946870','3','admissions',3,'',20,2),(64,'2019-06-12 12:17:26.989205','2','admissions',3,'',20,2),(65,'2019-06-12 12:17:27.030444','1','admissions',3,'',20,2),(66,'2019-06-12 12:22:59.537631','1','WorkFlow object (1)',1,'[{\"added\": {}}]',17,2),(67,'2019-06-12 12:23:14.343960','2','WorkFlow object (2)',1,'[{\"added\": {}}]',17,2),(68,'2019-06-12 12:24:38.148060','3','WorkFlow object (3)',1,'[{\"added\": {}}]',17,2),(69,'2019-06-12 12:24:53.723424','3','WorkFlow object (3)',2,'[{\"changed\": {\"fields\": [\"conditions\", \"action_numb\", \"active\"]}}]',17,2),(70,'2019-06-12 12:25:15.490167','4','WorkFlow object (4)',1,'[{\"added\": {}}]',17,2),(71,'2019-06-12 12:25:41.598419','5','WorkFlow object (5)',1,'[{\"added\": {}}]',17,2),(72,'2019-06-12 12:26:43.080356','6','WorkFlow object (6)',1,'[{\"added\": {}}]',17,2),(73,'2019-06-12 12:28:46.354268','6','WorkFlow object (6)',2,'[{\"changed\": {\"fields\": [\"active\"]}}]',17,2),(74,'2019-06-12 12:28:52.775163','5','WorkFlow object (5)',2,'[{\"changed\": {\"fields\": [\"active\"]}}]',17,2),(75,'2019-06-12 12:28:58.967495','4','WorkFlow object (4)',2,'[{\"changed\": {\"fields\": [\"active\"]}}]',17,2),(76,'2019-06-12 12:29:03.779183','3','WorkFlow object (3)',2,'[{\"changed\": {\"fields\": [\"active\"]}}]',17,2),(77,'2019-06-12 12:29:10.186382','2','WorkFlow object (2)',2,'[{\"changed\": {\"fields\": [\"active\"]}}]',17,2),(78,'2019-06-12 12:29:15.222229','1','WorkFlow object (1)',2,'[{\"changed\": {\"fields\": [\"active\"]}}]',17,2),(79,'2019-06-12 12:30:05.073454','7','WorkFlow object (7)',1,'[{\"added\": {}}]',17,2),(80,'2019-06-12 12:30:25.831542','8','WorkFlow object (8)',1,'[{\"added\": {}}]',17,2),(81,'2019-06-12 12:30:41.411716','9','WorkFlow object (9)',1,'[{\"added\": {}}]',17,2),(82,'2019-06-12 12:30:57.132550','10','WorkFlow object (10)',1,'[{\"added\": {}}]',17,2),(83,'2019-06-12 12:41:57.688309','1','WorkFlow object (1)',2,'[{\"changed\": {\"fields\": [\"actions\"]}}]',17,2),(84,'2019-06-13 04:48:56.566278','14','inquiries',3,'',20,2),(85,'2019-06-13 04:48:56.649549','13','inquiries',3,'',20,2),(86,'2019-06-13 04:48:56.735750','12','inquiries',3,'',20,2),(87,'2019-06-13 04:48:56.993621','11','inquiries',3,'',20,2),(88,'2019-06-13 04:48:57.078811','10','inquiries',3,'',20,2),(89,'2019-06-13 04:48:57.115673','9','inquiries',3,'',20,2),(90,'2019-06-13 04:48:57.157193','8','inquiries',3,'',20,2),(91,'2019-06-13 04:48:57.199028','7','inquiries',3,'',20,2),(92,'2019-06-13 04:48:57.241223','6','inquiries',3,'',20,2),(93,'2019-06-13 04:56:56.051897','8','DynamicForms object (8)',3,'',13,2),(94,'2019-06-13 04:56:56.146780','7','DynamicForms object (7)',3,'',13,2),(95,'2019-06-13 04:56:56.221607','5','DynamicForms object (5)',3,'',13,2),(96,'2019-06-13 04:56:56.314211','4','DynamicForms object (4)',3,'',13,2),(97,'2019-06-13 05:14:42.869843','10','DynamicForms object (10)',3,'',13,2),(98,'2019-06-13 06:12:48.924081','18','admissions',3,'',20,2),(99,'2019-06-13 06:12:48.984247','17','admissions',3,'',20,2),(100,'2019-06-13 06:12:49.026468','16','admissions',3,'',20,2),(101,'2019-06-13 06:12:49.067791','15','admissions',3,'',20,2),(102,'2019-06-13 06:38:00.581029','21','admissions',3,'',20,2),(103,'2019-06-13 06:38:00.641294','20','inquiries',3,'',20,2),(104,'2019-06-13 06:38:00.683330','19','admissions',3,'',20,2),(105,'2019-06-13 08:37:41.921099','23','inquiries',3,'',20,2),(106,'2019-06-13 08:37:41.967820','22','admissions',3,'',20,2),(107,'2019-06-13 09:16:51.503926','47','inquiries',3,'',20,2),(108,'2019-06-13 09:16:51.551398','46','inquiries',3,'',20,2),(109,'2019-06-13 09:16:51.593021','45','inquiries',3,'',20,2),(110,'2019-06-13 09:16:51.718444','44','inquiries',3,'',20,2),(111,'2019-06-13 09:16:51.760407','43','inquiries',3,'',20,2),(112,'2019-06-13 09:16:51.802264','42','inquiries',3,'',20,2),(113,'2019-06-13 09:16:51.844082','41','inquiries',3,'',20,2),(114,'2019-06-13 09:16:51.885531','40','inquiries',3,'',20,2),(115,'2019-06-13 09:16:51.927278','39','inquiries',3,'',20,2),(116,'2019-06-13 09:16:51.969318','38','inquiries',3,'',20,2),(117,'2019-06-13 09:16:52.011099','37','inquiries',3,'',20,2),(118,'2019-06-13 09:16:52.053003','36','inquiries',3,'',20,2),(119,'2019-06-13 09:16:52.094571','35','inquiries',3,'',20,2),(120,'2019-06-13 09:16:52.136455','34','inquiries',3,'',20,2),(121,'2019-06-13 09:16:52.177991','33','inquiries',3,'',20,2),(122,'2019-06-13 09:16:52.219714','32','inquiries',3,'',20,2),(123,'2019-06-13 09:16:52.261522','31','inquiries',3,'',20,2),(124,'2019-06-13 09:16:52.303323','30','inquiries',3,'',20,2),(125,'2019-06-13 09:16:52.344956','29','inquiries',3,'',20,2),(126,'2019-06-13 09:16:52.386926','28','inquiries',3,'',20,2),(127,'2019-06-13 09:16:52.428460','27','inquiries',3,'',20,2),(128,'2019-06-13 09:16:52.470438','26','inquiries',3,'',20,2),(129,'2019-06-13 09:16:52.512252','25','inquiries',3,'',20,2),(130,'2019-06-13 09:16:52.553813','24','admissions',3,'',20,2),(131,'2019-06-13 09:30:59.989418','48','admissions',3,'',20,2),(132,'2019-06-13 09:38:27.068146','15','WorkFlowCondition object (15)',3,'',19,2),(133,'2019-06-13 09:38:27.118337','14','WorkFlowCondition object (14)',3,'',19,2),(134,'2019-06-13 09:38:27.159843','13','WorkFlowCondition object (13)',3,'',19,2),(135,'2019-06-13 09:38:27.204608','12','WorkFlowCondition object (12)',3,'',19,2),(136,'2019-06-13 09:38:27.243092','11','WorkFlowCondition object (11)',3,'',19,2),(137,'2019-06-13 09:38:27.285492','10','WorkFlowCondition object (10)',3,'',19,2),(138,'2019-06-13 09:38:27.327522','9','WorkFlowCondition object (9)',3,'',19,2),(139,'2019-06-13 09:38:27.368906','8','WorkFlowCondition object (8)',3,'',19,2),(140,'2019-06-13 09:38:27.452390','7','WorkFlowCondition object (7)',3,'',19,2),(141,'2019-06-13 09:38:27.495556','6','WorkFlowCondition object (6)',3,'',19,2),(142,'2019-06-13 09:38:27.536203','5','WorkFlowCondition object (5)',3,'',19,2),(143,'2019-06-13 09:38:27.577956','4','WorkFlowCondition object (4)',3,'',19,2),(144,'2019-06-13 09:38:27.620070','3','WorkFlowCondition object (3)',3,'',19,2),(145,'2019-06-13 09:38:27.661394','2','WorkFlowCondition object (2)',3,'',19,2),(146,'2019-06-13 09:38:27.703388','1','WorkFlowCondition object (1)',3,'',19,2),(147,'2019-06-13 09:38:37.608183','115','WorkFlowCondition object (115)',3,'',19,2),(148,'2019-06-13 09:38:37.646809','114','WorkFlowCondition object (114)',3,'',19,2),(149,'2019-06-13 09:38:37.688752','113','WorkFlowCondition object (113)',3,'',19,2),(150,'2019-06-13 09:38:37.730559','112','WorkFlowCondition object (112)',3,'',19,2),(151,'2019-06-13 09:38:37.772666','111','WorkFlowCondition object (111)',3,'',19,2),(152,'2019-06-13 09:38:37.814464','110','WorkFlowCondition object (110)',3,'',19,2),(153,'2019-06-13 09:38:37.856009','109','WorkFlowCondition object (109)',3,'',19,2),(154,'2019-06-13 09:38:37.897420','108','WorkFlowCondition object (108)',3,'',19,2),(155,'2019-06-13 09:38:38.022802','107','WorkFlowCondition object (107)',3,'',19,2),(156,'2019-06-13 09:38:38.064511','106','WorkFlowCondition object (106)',3,'',19,2),(157,'2019-06-13 09:38:38.106480','105','WorkFlowCondition object (105)',3,'',19,2),(158,'2019-06-13 09:38:38.148672','104','WorkFlowCondition object (104)',3,'',19,2),(159,'2019-06-13 09:38:38.190189','103','WorkFlowCondition object (103)',3,'',19,2),(160,'2019-06-13 09:38:38.231564','102','WorkFlowCondition object (102)',3,'',19,2),(161,'2019-06-13 09:38:38.273298','101','WorkFlowCondition object (101)',3,'',19,2),(162,'2019-06-13 09:38:38.315463','100','WorkFlowCondition object (100)',3,'',19,2),(163,'2019-06-13 09:38:38.357009','99','WorkFlowCondition object (99)',3,'',19,2),(164,'2019-06-13 09:38:38.399059','98','WorkFlowCondition object (98)',3,'',19,2),(165,'2019-06-13 09:38:38.440373','97','WorkFlowCondition object (97)',3,'',19,2),(166,'2019-06-13 09:38:38.582332','96','WorkFlowCondition object (96)',3,'',19,2),(167,'2019-06-13 09:38:38.625582','95','WorkFlowCondition object (95)',3,'',19,2),(168,'2019-06-13 09:38:38.667091','94','WorkFlowCondition object (94)',3,'',19,2),(169,'2019-06-13 09:38:38.709186','93','WorkFlowCondition object (93)',3,'',19,2),(170,'2019-06-13 09:38:38.750637','92','WorkFlowCondition object (92)',3,'',19,2),(171,'2019-06-13 09:38:38.792831','91','WorkFlowCondition object (91)',3,'',19,2),(172,'2019-06-13 09:38:38.834721','90','WorkFlowCondition object (90)',3,'',19,2),(173,'2019-06-13 09:38:38.876315','89','WorkFlowCondition object (89)',3,'',19,2),(174,'2019-06-13 09:38:38.918422','88','WorkFlowCondition object (88)',3,'',19,2),(175,'2019-06-13 09:38:38.960213','87','WorkFlowCondition object (87)',3,'',19,2),(176,'2019-06-13 09:38:39.001280','86','WorkFlowCondition object (86)',3,'',19,2),(177,'2019-06-13 09:38:39.043202','85','WorkFlowCondition object (85)',3,'',19,2),(178,'2019-06-13 09:38:39.085268','84','WorkFlowCondition object (84)',3,'',19,2),(179,'2019-06-13 09:38:39.126913','83','WorkFlowCondition object (83)',3,'',19,2),(180,'2019-06-13 09:38:39.168832','82','WorkFlowCondition object (82)',3,'',19,2),(181,'2019-06-13 09:38:39.210211','81','WorkFlowCondition object (81)',3,'',19,2),(182,'2019-06-13 09:38:39.252432','80','WorkFlowCondition object (80)',3,'',19,2),(183,'2019-06-13 09:38:39.293750','79','WorkFlowCondition object (79)',3,'',19,2),(184,'2019-06-13 09:38:39.335422','78','WorkFlowCondition object (78)',3,'',19,2),(185,'2019-06-13 09:38:39.377560','77','WorkFlowCondition object (77)',3,'',19,2),(186,'2019-06-13 09:38:39.419558','76','WorkFlowCondition object (76)',3,'',19,2),(187,'2019-06-13 09:38:39.460855','75','WorkFlowCondition object (75)',3,'',19,2),(188,'2019-06-13 09:38:39.502885','74','WorkFlowCondition object (74)',3,'',19,2),(189,'2019-06-13 09:38:39.544345','73','WorkFlowCondition object (73)',3,'',19,2),(190,'2019-06-13 09:38:39.586242','72','WorkFlowCondition object (72)',3,'',19,2),(191,'2019-06-13 09:38:39.644992','71','WorkFlowCondition object (71)',3,'',19,2),(192,'2019-06-13 09:38:39.716077','70','WorkFlowCondition object (70)',3,'',19,2),(193,'2019-06-13 09:38:39.794369','69','WorkFlowCondition object (69)',3,'',19,2),(194,'2019-06-13 09:38:39.877845','68','WorkFlowCondition object (68)',3,'',19,2),(195,'2019-06-13 09:38:39.961525','67','WorkFlowCondition object (67)',3,'',19,2),(196,'2019-06-13 09:38:40.413766','66','WorkFlowCondition object (66)',3,'',19,2),(197,'2019-06-13 09:38:40.490224','65','WorkFlowCondition object (65)',3,'',19,2),(198,'2019-06-13 09:38:40.577936','64','WorkFlowCondition object (64)',3,'',19,2),(199,'2019-06-13 09:38:40.666345','63','WorkFlowCondition object (63)',3,'',19,2),(200,'2019-06-13 09:38:40.762542','62','WorkFlowCondition object (62)',3,'',19,2),(201,'2019-06-13 09:38:40.862519','61','WorkFlowCondition object (61)',3,'',19,2),(202,'2019-06-13 09:38:40.936975','60','WorkFlowCondition object (60)',3,'',19,2),(203,'2019-06-13 09:38:41.024705','59','WorkFlowCondition object (59)',3,'',19,2),(204,'2019-06-13 09:38:41.107302','58','WorkFlowCondition object (58)',3,'',19,2),(205,'2019-06-13 09:38:41.190927','57','WorkFlowCondition object (57)',3,'',19,2),(206,'2019-06-13 09:38:41.275302','56','WorkFlowCondition object (56)',3,'',19,2),(207,'2019-06-13 09:38:41.361679','55','WorkFlowCondition object (55)',3,'',19,2),(208,'2019-06-13 09:38:41.444952','54','WorkFlowCondition object (54)',3,'',19,2),(209,'2019-06-13 09:38:41.540018','53','WorkFlowCondition object (53)',3,'',19,2),(210,'2019-06-13 09:38:41.613012','52','WorkFlowCondition object (52)',3,'',19,2),(211,'2019-06-13 09:38:41.699692','51','WorkFlowCondition object (51)',3,'',19,2),(212,'2019-06-13 09:38:41.795174','50','WorkFlowCondition object (50)',3,'',19,2),(213,'2019-06-13 09:38:41.883218','49','WorkFlowCondition object (49)',3,'',19,2),(214,'2019-06-13 09:38:41.962239','48','WorkFlowCondition object (48)',3,'',19,2),(215,'2019-06-13 09:38:42.045745','47','WorkFlowCondition object (47)',3,'',19,2),(216,'2019-06-13 09:38:42.161872','46','WorkFlowCondition object (46)',3,'',19,2),(217,'2019-06-13 09:38:42.270795','45','WorkFlowCondition object (45)',3,'',19,2),(218,'2019-06-13 09:38:42.378723','44','WorkFlowCondition object (44)',3,'',19,2),(219,'2019-06-13 09:38:42.483786','43','WorkFlowCondition object (43)',3,'',19,2),(220,'2019-06-13 09:38:42.570273','42','WorkFlowCondition object (42)',3,'',19,2),(221,'2019-06-13 09:38:42.671234','41','WorkFlowCondition object (41)',3,'',19,2),(222,'2019-06-13 09:38:42.831908','40','WorkFlowCondition object (40)',3,'',19,2),(223,'2019-06-13 09:38:42.881874','39','WorkFlowCondition object (39)',3,'',19,2),(224,'2019-06-13 09:38:42.931681','38','WorkFlowCondition object (38)',3,'',19,2),(225,'2019-06-13 09:38:42.973509','37','WorkFlowCondition object (37)',3,'',19,2),(226,'2019-06-13 09:38:43.048819','36','WorkFlowCondition object (36)',3,'',19,2),(227,'2019-06-13 09:38:43.090678','35','WorkFlowCondition object (35)',3,'',19,2),(228,'2019-06-13 09:38:43.132283','34','WorkFlowCondition object (34)',3,'',19,2),(229,'2019-06-13 09:38:43.174265','33','WorkFlowCondition object (33)',3,'',19,2),(230,'2019-06-13 09:38:43.223986','32','WorkFlowCondition object (32)',3,'',19,2),(231,'2019-06-13 09:38:43.274099','31','WorkFlowCondition object (31)',3,'',19,2),(232,'2019-06-13 09:38:43.324676','30','WorkFlowCondition object (30)',3,'',19,2),(233,'2019-06-13 09:38:43.374954','29','WorkFlowCondition object (29)',3,'',19,2),(234,'2019-06-13 09:38:43.424791','28','WorkFlowCondition object (28)',3,'',19,2),(235,'2019-06-13 09:38:43.474478','27','WorkFlowCondition object (27)',3,'',19,2),(236,'2019-06-13 09:38:43.524565','26','WorkFlowCondition object (26)',3,'',19,2),(237,'2019-06-13 09:38:43.574475','25','WorkFlowCondition object (25)',3,'',19,2),(238,'2019-06-13 09:38:43.624587','24','WorkFlowCondition object (24)',3,'',19,2),(239,'2019-06-13 09:38:43.675322','23','WorkFlowCondition object (23)',3,'',19,2),(240,'2019-06-13 09:38:43.716956','22','WorkFlowCondition object (22)',3,'',19,2),(241,'2019-06-13 09:38:43.758851','21','WorkFlowCondition object (21)',3,'',19,2),(242,'2019-06-13 09:38:43.800295','20','WorkFlowCondition object (20)',3,'',19,2),(243,'2019-06-13 09:38:43.842294','19','WorkFlowCondition object (19)',3,'',19,2),(244,'2019-06-13 09:38:43.884031','18','WorkFlowCondition object (18)',3,'',19,2),(245,'2019-06-13 09:38:43.925401','17','WorkFlowCondition object (17)',3,'',19,2),(246,'2019-06-13 09:38:43.968400','16','WorkFlowCondition object (16)',3,'',19,2),(247,'2019-06-13 09:42:38.204389','153','WorkFlowCondition object (153)',3,'',19,2),(248,'2019-06-13 09:42:38.262358','152','WorkFlowCondition object (152)',3,'',19,2),(249,'2019-06-13 09:42:38.303946','151','WorkFlowCondition object (151)',3,'',19,2),(250,'2019-06-13 09:42:38.345884','150','WorkFlowCondition object (150)',3,'',19,2),(251,'2019-06-13 09:42:38.387949','149','WorkFlowCondition object (149)',3,'',19,2),(252,'2019-06-13 09:42:38.429586','148','WorkFlowCondition object (148)',3,'',19,2),(253,'2019-06-13 09:42:38.471660','147','WorkFlowCondition object (147)',3,'',19,2),(254,'2019-06-13 09:42:38.513449','146','WorkFlowCondition object (146)',3,'',19,2),(255,'2019-06-13 09:42:38.554948','145','WorkFlowCondition object (145)',3,'',19,2),(256,'2019-06-13 09:42:38.596618','144','WorkFlowCondition object (144)',3,'',19,2),(257,'2019-06-13 09:42:38.638279','143','WorkFlowCondition object (143)',3,'',19,2),(258,'2019-06-13 09:42:38.679782','142','WorkFlowCondition object (142)',3,'',19,2),(259,'2019-06-13 09:42:38.722068','141','WorkFlowCondition object (141)',3,'',19,2),(260,'2019-06-13 09:42:38.763419','140','WorkFlowCondition object (140)',3,'',19,2),(261,'2019-06-13 09:42:38.805471','139','WorkFlowCondition object (139)',3,'',19,2),(262,'2019-06-13 09:42:38.846897','138','WorkFlowCondition object (138)',3,'',19,2),(263,'2019-06-13 09:42:38.888958','137','WorkFlowCondition object (137)',3,'',19,2),(264,'2019-06-13 09:42:38.930508','136','WorkFlowCondition object (136)',3,'',19,2),(265,'2019-06-13 09:42:38.973825','135','WorkFlowCondition object (135)',3,'',19,2),(266,'2019-06-13 09:42:39.014075','134','WorkFlowCondition object (134)',3,'',19,2),(267,'2019-06-13 09:42:39.055839','133','WorkFlowCondition object (133)',3,'',19,2),(268,'2019-06-13 09:42:39.097570','132','WorkFlowCondition object (132)',3,'',19,2),(269,'2019-06-13 09:42:39.139852','131','WorkFlowCondition object (131)',3,'',19,2),(270,'2019-06-13 09:42:39.181128','130','WorkFlowCondition object (130)',3,'',19,2),(271,'2019-06-13 09:42:39.223506','129','WorkFlowCondition object (129)',3,'',19,2),(272,'2019-06-13 09:42:39.265163','128','WorkFlowCondition object (128)',3,'',19,2),(273,'2019-06-13 09:42:39.314883','127','WorkFlowCondition object (127)',3,'',19,2),(274,'2019-06-13 09:42:39.364935','126','WorkFlowCondition object (126)',3,'',19,2),(275,'2019-06-13 09:42:39.415190','125','WorkFlowCondition object (125)',3,'',19,2),(276,'2019-06-13 09:42:39.501617','124','WorkFlowCondition object (124)',3,'',19,2),(277,'2019-06-13 09:42:39.723956','123','WorkFlowCondition object (123)',3,'',19,2),(278,'2019-06-13 09:42:39.804423','122','WorkFlowCondition object (122)',3,'',19,2),(279,'2019-06-13 09:42:39.885642','121','WorkFlowCondition object (121)',3,'',19,2),(280,'2019-06-13 09:42:39.969153','120','WorkFlowCondition object (120)',3,'',19,2),(281,'2019-06-13 09:42:40.051938','119','WorkFlowCondition object (119)',3,'',19,2),(282,'2019-06-13 09:42:40.140527','118','WorkFlowCondition object (118)',3,'',19,2),(283,'2019-06-13 09:42:40.226995','117','WorkFlowCondition object (117)',3,'',19,2),(284,'2019-06-13 09:42:40.313121','116','WorkFlowCondition object (116)',3,'',19,2),(285,'2019-06-13 09:42:49.801804','196','WorkFlowCondition object (196)',3,'',19,2),(286,'2019-06-13 09:42:49.870844','195','WorkFlowCondition object (195)',3,'',19,2),(287,'2019-06-13 09:42:49.957425','194','WorkFlowCondition object (194)',3,'',19,2),(288,'2019-06-13 09:42:50.044820','193','WorkFlowCondition object (193)',3,'',19,2),(289,'2019-06-13 09:42:50.137774','192','WorkFlowCondition object (192)',3,'',19,2),(290,'2019-06-13 09:42:50.240531','191','WorkFlowCondition object (191)',3,'',19,2),(291,'2019-06-13 09:42:50.339723','190','WorkFlowCondition object (190)',3,'',19,2),(292,'2019-06-13 09:42:50.432109','189','WorkFlowCondition object (189)',3,'',19,2),(293,'2019-06-13 09:42:50.666171','188','WorkFlowCondition object (188)',3,'',19,2),(294,'2019-06-13 09:42:50.753026','187','WorkFlowCondition object (187)',3,'',19,2),(295,'2019-06-13 09:42:50.878534','186','WorkFlowCondition object (186)',3,'',19,2),(296,'2019-06-13 09:42:50.992994','185','WorkFlowCondition object (185)',3,'',19,2),(297,'2019-06-13 09:42:51.074160','184','WorkFlowCondition object (184)',3,'',19,2),(298,'2019-06-13 09:42:51.149388','183','WorkFlowCondition object (183)',3,'',19,2),(299,'2019-06-13 09:42:51.230127','182','WorkFlowCondition object (182)',3,'',19,2),(300,'2019-06-13 09:42:51.311455','181','WorkFlowCondition object (181)',3,'',19,2),(301,'2019-06-13 09:42:51.386895','180','WorkFlowCondition object (180)',3,'',19,2),(302,'2019-06-13 09:42:51.621996','179','WorkFlowCondition object (179)',3,'',19,2),(303,'2019-06-13 09:42:51.699210','178','WorkFlowCondition object (178)',3,'',19,2),(304,'2019-06-13 09:42:51.782711','177','WorkFlowCondition object (177)',3,'',19,2),(305,'2019-06-13 09:42:51.857563','176','WorkFlowCondition object (176)',3,'',19,2),(306,'2019-06-13 09:42:51.931012','175','WorkFlowCondition object (175)',3,'',19,2),(307,'2019-06-13 09:42:52.007803','174','WorkFlowCondition object (174)',3,'',19,2),(308,'2019-06-13 09:42:52.052506','173','WorkFlowCondition object (173)',3,'',19,2),(309,'2019-06-13 09:42:52.178324','172','WorkFlowCondition object (172)',3,'',19,2),(310,'2019-06-13 09:42:52.220037','171','WorkFlowCondition object (171)',3,'',19,2),(311,'2019-06-13 09:42:52.261564','170','WorkFlowCondition object (170)',3,'',19,2),(312,'2019-06-13 09:42:52.360228','169','WorkFlowCondition object (169)',3,'',19,2),(313,'2019-06-13 09:42:52.395622','168','WorkFlowCondition object (168)',3,'',19,2),(314,'2019-06-13 09:42:52.511999','167','WorkFlowCondition object (167)',3,'',19,2),(315,'2019-06-13 09:42:52.587447','166','WorkFlowCondition object (166)',3,'',19,2),(316,'2019-06-13 09:42:52.629433','165','WorkFlowCondition object (165)',3,'',19,2),(317,'2019-06-13 09:42:52.671455','164','WorkFlowCondition object (164)',3,'',19,2),(318,'2019-06-13 09:42:52.712722','163','WorkFlowCondition object (163)',3,'',19,2),(319,'2019-06-13 09:42:52.754731','162','WorkFlowCondition object (162)',3,'',19,2),(320,'2019-06-13 09:42:52.796655','161','WorkFlowCondition object (161)',3,'',19,2),(321,'2019-06-13 09:42:52.838430','160','WorkFlowCondition object (160)',3,'',19,2),(322,'2019-06-13 09:42:52.880532','159','WorkFlowCondition object (159)',3,'',19,2),(323,'2019-06-13 09:42:52.922285','158','WorkFlowCondition object (158)',3,'',19,2),(324,'2019-06-13 09:42:52.964078','157','WorkFlowCondition object (157)',3,'',19,2),(325,'2019-06-13 09:42:53.005637','156','WorkFlowCondition object (156)',3,'',19,2),(326,'2019-06-13 09:42:53.047367','155','WorkFlowCondition object (155)',3,'',19,2),(327,'2019-06-13 09:42:53.089145','154','WorkFlowCondition object (154)',3,'',19,2),(328,'2019-06-13 09:44:30.676155','58','admissions',3,'',20,2),(329,'2019-06-13 09:44:30.747979','57','admissions',3,'',20,2),(330,'2019-06-13 09:44:30.823129','56','admissions',3,'',20,2),(331,'2019-06-13 09:44:30.872509','55','admissions',3,'',20,2),(332,'2019-06-13 09:44:30.914199','54','admissions',3,'',20,2),(333,'2019-06-13 09:44:30.957087','53','admissions',3,'',20,2),(334,'2019-06-13 09:44:30.998710','52','admissions',3,'',20,2),(335,'2019-06-13 09:44:31.040639','51','admissions',3,'',20,2),(336,'2019-06-13 09:44:31.082141','50','admissions',3,'',20,2),(337,'2019-06-13 09:44:31.123919','49','admissions',3,'',20,2),(338,'2019-06-13 10:40:56.539261','2','WorkFlowLeads object (2)',3,'',21,2),(339,'2019-06-13 10:40:56.604374','1','WorkFlowLeads object (1)',3,'',21,2),(340,'2019-06-13 10:41:06.273056','2','Create',3,'',18,2),(341,'2019-06-13 10:41:06.330877','1','Create',3,'',18,2),(342,'2019-06-13 11:48:37.128291','63','admissions',3,'',20,2),(343,'2019-06-13 11:48:37.198812','62','admissions',3,'',20,2),(344,'2019-06-13 11:48:37.240439','61','admissions',3,'',20,2),(345,'2019-06-13 11:48:37.382688','60','admissions',3,'',20,2),(346,'2019-06-13 11:48:37.424718','59','admissions',3,'',20,2),(347,'2019-06-13 12:55:04.789946','66','admissions',3,'',20,2),(348,'2019-06-13 12:55:04.845114','65','inquiries',3,'',20,2),(349,'2019-06-13 12:55:04.886716','64','admissions',3,'',20,2),(350,'2019-06-14 04:36:08.377520','79','admissions',3,'',20,2),(351,'2019-06-14 04:36:08.424629','78','admissions',3,'',20,2),(352,'2019-06-14 04:36:08.466148','77','admissions',3,'',20,2),(353,'2019-06-14 04:36:08.508108','76','admissions',3,'',20,2),(354,'2019-06-14 04:36:08.550189','75','admissions',3,'',20,2),(355,'2019-06-14 04:36:08.591602','74','admissions',3,'',20,2),(356,'2019-06-14 04:36:08.633029','73','admissions',3,'',20,2),(357,'2019-06-14 04:36:08.675227','72','admissions',3,'',20,2),(358,'2019-06-14 04:36:08.716863','71','admissions',3,'',20,2),(359,'2019-06-14 04:36:08.758822','70','admissions',3,'',20,2),(360,'2019-06-14 04:36:08.808586','69','admissions',3,'',20,2),(361,'2019-06-14 04:36:08.858813','68','admissions',3,'',20,2),(362,'2019-06-14 04:36:08.908681','67','admissions',3,'',20,2),(363,'2019-06-14 04:37:05.378324','81','admissions',3,'',20,2),(364,'2019-06-14 04:37:05.437140','80','admissions',3,'',20,2),(365,'2019-06-14 04:43:47.312947','92','inquiries',3,'',20,2),(366,'2019-06-14 04:43:47.368403','91','inquiries',3,'',20,2),(367,'2019-06-14 04:43:47.457441','90','inquiries',3,'',20,2),(368,'2019-06-14 04:43:47.562657','89','inquiries',3,'',20,2),(369,'2019-06-14 04:43:47.648872','88','inquiries',3,'',20,2),(370,'2019-06-14 04:43:47.729108','87','inquiries',3,'',20,2),(371,'2019-06-14 04:43:47.824052','86','inquiries',3,'',20,2),(372,'2019-06-14 04:43:47.915778','85','inquiries',3,'',20,2),(373,'2019-06-14 04:43:47.995939','84','inquiries',3,'',20,2),(374,'2019-06-14 04:43:48.070946','83','inquiries',3,'',20,2),(375,'2019-06-14 04:43:48.122047','82','admissions',3,'',20,2),(376,'2019-06-14 04:46:04.605491','95','admissions',3,'',20,2),(377,'2019-06-14 04:46:04.683293','94','admissions',3,'',20,2),(378,'2019-06-14 04:46:04.724922','93','admissions',3,'',20,2),(379,'2019-06-14 04:47:31.565043','96','admissions',3,'',20,2),(380,'2019-06-14 04:49:25.790856','98','inquiries',3,'',20,2),(381,'2019-06-14 04:49:25.848058','97','inquiries',3,'',20,2),(382,'2019-06-14 04:54:51.709543','101','admissions',3,'',20,2),(383,'2019-06-14 04:54:51.959812','100','admissions',3,'',20,2),(384,'2019-06-14 04:54:52.031760','99','admissions',3,'',20,2),(385,'2019-06-14 04:58:19.950099','106','inquiries',3,'',20,2),(386,'2019-06-14 04:58:20.001817','105','inquiries',3,'',20,2),(387,'2019-06-14 04:58:20.052302','104','inquiries',3,'',20,2),(388,'2019-06-14 04:58:20.102103','103','inquiries',3,'',20,2),(389,'2019-06-14 04:58:20.152323','102','inquiries',3,'',20,2),(390,'2019-06-14 05:04:17.696377','113','inquiries',3,'',20,2),(391,'2019-06-14 05:04:17.756536','112','inquiries',3,'',20,2),(392,'2019-06-14 05:04:17.846890','111','inquiries',3,'',20,2),(393,'2019-06-14 05:04:17.939615','110','inquiries',3,'',20,2),(394,'2019-06-14 05:04:18.031797','109','inquiries',3,'',20,2),(395,'2019-06-14 05:04:18.115039','108','inquiries',3,'',20,2),(396,'2019-06-14 05:04:18.198447','107','inquiries',3,'',20,2),(397,'2019-06-14 05:04:53.285906','115','inquiries',3,'',20,2),(398,'2019-06-14 05:10:44.810740','114','inquiries',3,'',20,2),(399,'2019-06-14 05:10:44.861737','116','admissions',3,'',20,2),(400,'2019-06-14 05:14:29.862701','117','inquiries',3,'',20,2),(401,'2019-06-14 06:42:58.130023','14','WorkFlowLeads object (14)',2,'[{\"changed\": {\"fields\": [\"condition_arthimatic\"]}}]',21,2),(402,'2019-06-14 07:07:03.927771','118','inquiries',3,'',20,2),(403,'2019-06-14 07:08:52.089391','119','inquiries',3,'',20,2),(404,'2019-06-14 07:12:01.398086','120','inquiries',3,'',20,2),(405,'2019-06-14 07:16:03.512287','123','inquiries',3,'',20,2),(406,'2019-06-14 07:16:03.570578','122','admissions',3,'',20,2),(407,'2019-06-14 07:16:03.612447','121','inquiries',3,'',20,2),(408,'2019-06-14 07:29:29.613927','69','saved_form_details',3,'',16,2),(409,'2019-06-14 07:29:29.659304','68','text-1559193280510',3,'',16,2),(410,'2019-06-14 07:29:29.701393','67','text-1559193132935',3,'',16,2),(411,'2019-06-14 07:29:29.743417','66','text-1559192905428',3,'',16,2),(412,'2019-06-14 07:29:29.785196','65','select-1560488438039',3,'',16,2),(413,'2019-06-14 07:29:29.826756','64','textarea-1559192807326',3,'',16,2),(414,'2019-06-14 07:29:29.868135','63','text-1559192742555',3,'',16,2),(415,'2019-06-14 07:29:29.910443','62','number-1559192727273',3,'',16,2),(416,'2019-06-14 07:29:29.952453','61','number-1559192704331',3,'',16,2),(417,'2019-06-14 07:29:29.993822','60','textarea-1559192684683',3,'',16,2),(418,'2019-06-14 07:29:30.035231','59','text-1559192622404',3,'',16,2),(419,'2019-06-14 07:29:30.076985','58','text-1559192559263',3,'',16,2),(420,'2019-06-14 07:29:30.119108','57','text-1559192521346',3,'',16,2),(421,'2019-06-14 07:29:30.161122','56','text-1560403411640',3,'',16,2),(422,'2019-06-14 07:29:30.202831','55','textarea-1560402983849',3,'',16,2),(423,'2019-06-14 07:29:30.244301','54','text-1559192495133',3,'',16,2),(424,'2019-06-14 07:29:30.285962','53','number-1559192472215',3,'',16,2),(425,'2019-06-14 07:29:30.329053','52','date-1559192420009',3,'',16,2),(426,'2019-06-14 07:29:30.401514','51','text-1559193280510',3,'',16,2),(427,'2019-06-14 07:29:30.471575','50','text-1559193132935',3,'',16,2),(428,'2019-06-14 07:29:30.521039','49','text-1559192905428',3,'',16,2),(429,'2019-06-14 07:29:30.721581','48','select-1560488438039',3,'',16,2),(430,'2019-06-14 07:29:30.772091','47','textarea-1559192807326',3,'',16,2),(431,'2019-06-14 07:29:30.822057','46','text-1559192742555',3,'',16,2),(432,'2019-06-14 07:29:30.872413','45','number-1559192727273',3,'',16,2),(433,'2019-06-14 07:29:30.922493','44','number-1559192704331',3,'',16,2),(434,'2019-06-14 07:29:30.964306','43','textarea-1559192684683',3,'',16,2),(435,'2019-06-14 07:29:31.005865','42','text-1559192622404',3,'',16,2),(436,'2019-06-14 07:29:31.047340','41','text-1559192559263',3,'',16,2),(437,'2019-06-14 07:29:31.089314','40','text-1559192521346',3,'',16,2),(438,'2019-06-14 07:29:31.131152','39','text-1560403411640',3,'',16,2),(439,'2019-06-14 07:29:31.173036','38','textarea-1560402983849',3,'',16,2),(440,'2019-06-14 07:29:31.214558','37','text-1559192495133',3,'',16,2),(441,'2019-06-14 07:29:31.256555','36','number-1559192472215',3,'',16,2),(442,'2019-06-14 07:29:31.298116','35','date-1559192420009',3,'',16,2),(443,'2019-06-14 07:29:31.415387','34','text-1559193280510',3,'',16,2),(444,'2019-06-14 07:29:31.456950','33','text-1559193132935',3,'',16,2),(445,'2019-06-14 07:29:31.498647','32','text-1559192905428',3,'',16,2),(446,'2019-06-14 07:29:31.540528','31','select-1560488438039',3,'',16,2),(447,'2019-06-14 07:29:31.581780','30','textarea-1559192807326',3,'',16,2),(448,'2019-06-14 07:29:31.623821','29','text-1559192742555',3,'',16,2),(449,'2019-06-14 07:29:31.666022','28','number-1559192727273',3,'',16,2),(450,'2019-06-14 07:29:31.708062','27','number-1559192704331',3,'',16,2),(451,'2019-06-14 07:29:31.749084','26','textarea-1559192684683',3,'',16,2),(452,'2019-06-14 07:29:31.791243','25','text-1559192622404',3,'',16,2),(453,'2019-06-14 07:29:31.832558','24','text-1559192559263',3,'',16,2),(454,'2019-06-14 07:29:31.874760','23','text-1559192521346',3,'',16,2),(455,'2019-06-14 07:29:31.916100','22','text-1560403411640',3,'',16,2),(456,'2019-06-14 07:29:31.958421','21','textarea-1560402983849',3,'',16,2),(457,'2019-06-14 07:29:32.000040','20','text-1559192495133',3,'',16,2),(458,'2019-06-14 07:29:32.041790','19','number-1559192472215',3,'',16,2),(459,'2019-06-14 07:29:32.083215','18','date-1559192420009',3,'',16,2),(460,'2019-06-14 07:29:32.125051','17','text-1559193280510',3,'',16,2),(461,'2019-06-14 07:29:32.167295','16','text-1559193132935',3,'',16,2),(462,'2019-06-14 07:29:32.209362','15','text-1559192905428',3,'',16,2),(463,'2019-06-14 07:29:32.250919','14','select-1560488438039',3,'',16,2),(464,'2019-06-14 07:29:32.292524','13','textarea-1559192807326',3,'',16,2),(465,'2019-06-14 07:29:32.334496','12','text-1559192742555',3,'',16,2),(466,'2019-06-14 07:29:32.443280','11','number-1559192727273',3,'',16,2),(467,'2019-06-14 07:29:32.484895','10','number-1559192704331',3,'',16,2),(468,'2019-06-14 07:29:32.534717','9','textarea-1559192684683',3,'',16,2),(469,'2019-06-14 07:29:32.584934','8','text-1559192622404',3,'',16,2),(470,'2019-06-14 07:29:32.626407','7','text-1559192559263',3,'',16,2),(471,'2019-06-14 07:29:32.725880','6','text-1559192521346',3,'',16,2),(472,'2019-06-14 07:29:32.759862','5','text-1560403411640',3,'',16,2),(473,'2019-06-14 07:29:32.801513','4','textarea-1560402983849',3,'',16,2),(474,'2019-06-14 07:29:32.843754','3','text-1559192495133',3,'',16,2),(475,'2019-06-14 07:29:32.885884','2','number-1559192472215',3,'',16,2),(476,'2019-06-14 07:29:32.927751','1','date-1559192420009',3,'',16,2),(477,'2019-06-14 07:31:31.104717','87','saved_form_details',3,'',16,2),(478,'2019-06-14 07:31:31.170254','86','text-1559193280510',3,'',16,2),(479,'2019-06-14 07:31:31.211254','85','text-1559193132935',3,'',16,2),(480,'2019-06-14 07:31:31.253312','84','text-1559192905428',3,'',16,2),(481,'2019-06-14 07:31:31.294799','83','select-1560488438039',3,'',16,2),(482,'2019-06-14 07:31:31.336686','82','textarea-1559192807326',3,'',16,2),(483,'2019-06-14 07:31:31.378835','81','text-1559192742555',3,'',16,2),(484,'2019-06-14 07:31:31.420644','80','number-1559192727273',3,'',16,2),(485,'2019-06-14 07:31:31.462108','79','number-1559192704331',3,'',16,2),(486,'2019-06-14 07:31:31.504039','78','textarea-1559192684683',3,'',16,2),(487,'2019-06-14 07:31:31.546143','77','text-1559192622404',3,'',16,2),(488,'2019-06-14 07:31:31.587507','76','text-1559192559263',3,'',16,2),(489,'2019-06-14 07:31:31.629518','75','text-1559192521346',3,'',16,2),(490,'2019-06-14 07:31:31.671320','74','text-1560403411640',3,'',16,2),(491,'2019-06-14 07:31:31.713382','73','textarea-1560402983849',3,'',16,2),(492,'2019-06-14 07:31:31.754813','72','text-1559192495133',3,'',16,2),(493,'2019-06-14 07:31:31.797166','71','number-1559192472215',3,'',16,2),(494,'2019-06-14 07:31:31.838446','70','date-1559192420009',3,'',16,2),(495,'2019-06-14 09:00:34.423046','16','Create',2,'[{\"changed\": {\"fields\": [\"when\", \"description\"]}}]',18,2),(496,'2019-06-14 09:01:18.743678','16','Create',2,'[]',18,2),(497,'2019-06-14 09:51:57.267487','124','inquiries',3,'',20,2),(498,'2019-06-14 10:08:15.620440','109','date-1559192420009',3,'',16,2),(499,'2019-06-14 10:08:15.965201','108','text-1559192495133',3,'',16,2),(500,'2019-06-14 10:08:16.006928','107','number-1559192472215',3,'',16,2),(501,'2019-06-14 10:08:16.048595','106','date-1559192420009',3,'',16,2),(502,'2019-06-14 10:08:16.090054','105','saved_form_details',3,'',16,2),(503,'2019-06-14 10:08:16.132460','104','text-1559193280510',3,'',16,2),(504,'2019-06-14 10:08:16.174069','103','text-1559193132935',3,'',16,2),(505,'2019-06-14 10:08:16.224137','102','text-1559192905428',3,'',16,2),(506,'2019-06-14 10:08:16.273943','101','select-1560488438039',3,'',16,2),(507,'2019-06-14 10:08:16.324644','100','textarea-1559192807326',3,'',16,2),(508,'2019-06-14 10:08:16.374255','99','text-1559192742555',3,'',16,2),(509,'2019-06-14 10:08:16.424251','98','number-1559192727273',3,'',16,2),(510,'2019-06-14 10:08:16.474149','97','number-1559192704331',3,'',16,2),(511,'2019-06-14 10:08:16.524278','96','textarea-1559192684683',3,'',16,2),(512,'2019-06-14 10:08:16.574813','95','text-1559192622404',3,'',16,2),(513,'2019-06-14 10:08:16.624921','94','text-1559192559263',3,'',16,2),(514,'2019-06-14 10:08:16.666760','93','text-1559192521346',3,'',16,2),(515,'2019-06-14 10:08:16.708306','92','text-1560403411640',3,'',16,2),(516,'2019-06-14 10:08:16.750022','91','textarea-1560402983849',3,'',16,2),(517,'2019-06-14 10:08:16.834262','90','text-1559192495133',3,'',16,2),(518,'2019-06-14 10:08:16.875753','89','number-1559192472215',3,'',16,2),(519,'2019-06-14 10:08:16.918079','88','date-1559192420009',3,'',16,2),(520,'2019-06-14 10:14:24.616347','125','inquiries',3,'',20,2),(521,'2019-06-14 11:20:04.486648','81','SavedForms object (81)',3,'',14,2),(522,'2019-06-14 11:20:04.549515','80','SavedForms object (80)',3,'',14,2),(523,'2019-06-14 11:20:04.599296','79','SavedForms object (79)',3,'',14,2),(524,'2019-06-14 11:20:04.649567','78','SavedForms object (78)',3,'',14,2),(525,'2019-06-14 11:20:04.691334','77','SavedForms object (77)',3,'',14,2),(526,'2019-06-14 11:20:04.732984','76','SavedForms object (76)',3,'',14,2),(527,'2019-06-14 11:20:04.775082','75','SavedForms object (75)',3,'',14,2),(528,'2019-06-14 11:20:04.816452','74','SavedForms object (74)',3,'',14,2),(529,'2019-06-14 11:20:04.858642','73','SavedForms object (73)',3,'',14,2),(530,'2019-06-14 11:20:04.899960','72','SavedForms object (72)',3,'',14,2),(531,'2019-06-14 11:20:04.941435','71','SavedForms object (71)',3,'',14,2),(532,'2019-06-14 11:20:04.983328','70','SavedForms object (70)',3,'',14,2),(533,'2019-06-14 11:20:05.150775','69','SavedForms object (69)',3,'',14,2),(534,'2019-06-14 11:20:05.192864','68','SavedForms object (68)',3,'',14,2),(535,'2019-06-14 11:20:05.234025','67','SavedForms object (67)',3,'',14,2),(536,'2019-06-14 11:20:05.275784','66','SavedForms object (66)',3,'',14,2),(537,'2019-06-14 11:20:05.317657','65','SavedForms object (65)',3,'',14,2),(538,'2019-06-14 11:20:05.359554','64','SavedForms object (64)',3,'',14,2),(539,'2019-06-14 11:20:05.401508','63','SavedForms object (63)',3,'',14,2),(540,'2019-06-14 11:20:05.443409','62','SavedForms object (62)',3,'',14,2),(541,'2019-06-14 11:20:05.485098','61','SavedForms object (61)',3,'',14,2),(542,'2019-06-14 11:20:05.526920','60','SavedForms object (60)',3,'',14,2),(543,'2019-06-14 11:20:05.568759','59','SavedForms object (59)',3,'',14,2),(544,'2019-06-14 11:20:05.609916','58','SavedForms object (58)',3,'',14,2),(545,'2019-06-14 11:20:05.651857','57','SavedForms object (57)',3,'',14,2),(546,'2019-06-14 11:20:05.693483','56','SavedForms object (56)',3,'',14,2),(547,'2019-06-14 11:20:05.735391','55','SavedForms object (55)',3,'',14,2),(548,'2019-06-14 11:20:05.777076','54','SavedForms object (54)',3,'',14,2),(549,'2019-06-14 11:20:05.818867','53','SavedForms object (53)',3,'',14,2),(550,'2019-06-14 11:20:05.860586','52','SavedForms object (52)',3,'',14,2),(551,'2019-06-14 11:20:05.902731','51','SavedForms object (51)',3,'',14,2),(552,'2019-06-14 11:20:05.944913','50','SavedForms object (50)',3,'',14,2),(553,'2019-06-14 11:20:06.044582','49','SavedForms object (49)',3,'',14,2),(554,'2019-06-14 11:20:06.086186','48','SavedForms object (48)',3,'',14,2),(555,'2019-06-14 11:20:06.128090','47','SavedForms object (47)',3,'',14,2),(556,'2019-06-14 11:20:06.170222','46','SavedForms object (46)',3,'',14,2),(557,'2019-06-14 11:20:06.184666','81','SavedForms object (81)',3,'',14,2),(558,'2019-06-14 11:20:06.211735','45','SavedForms object (45)',3,'',14,2),(559,'2019-06-14 11:20:06.253860','80','SavedForms object (80)',3,'',14,2),(560,'2019-06-14 11:20:06.295400','44','SavedForms object (44)',3,'',14,2),(561,'2019-06-14 11:20:06.337263','79','SavedForms object (79)',3,'',14,2),(562,'2019-06-14 11:20:06.379401','43','SavedForms object (43)',3,'',14,2),(563,'2019-06-14 11:20:06.421187','78','SavedForms object (78)',3,'',14,2),(564,'2019-06-14 11:20:06.463406','42','SavedForms object (42)',3,'',14,2),(565,'2019-06-14 11:20:06.504608','77','SavedForms object (77)',3,'',14,2),(566,'2019-06-14 11:20:06.546378','41','SavedForms object (41)',3,'',14,2),(567,'2019-06-14 11:20:06.588230','76','SavedForms object (76)',3,'',14,2),(568,'2019-06-14 11:20:06.630396','40','SavedForms object (40)',3,'',14,2),(569,'2019-06-14 11:20:06.671702','75','SavedForms object (75)',3,'',14,2),(570,'2019-06-14 11:20:06.713400','39','SavedForms object (39)',3,'',14,2),(571,'2019-06-14 11:20:06.755424','74','SavedForms object (74)',3,'',14,2),(572,'2019-06-14 11:20:06.796756','38','SavedForms object (38)',3,'',14,2),(573,'2019-06-14 11:20:06.838680','73','SavedForms object (73)',3,'',14,2),(574,'2019-06-14 11:20:06.880253','37','SavedForms object (37)',3,'',14,2),(575,'2019-06-14 11:20:06.922283','72','SavedForms object (72)',3,'',14,2),(576,'2019-06-14 11:20:07.005110','71','SavedForms object (71)',3,'',14,2),(577,'2019-06-14 11:20:07.139607','70','SavedForms object (70)',3,'',14,2),(578,'2019-06-14 11:20:07.180932','69','SavedForms object (69)',3,'',14,2),(579,'2019-06-14 11:20:07.223198','68','SavedForms object (68)',3,'',14,2),(580,'2019-06-14 11:20:07.264337','67','SavedForms object (67)',3,'',14,2),(581,'2019-06-14 11:20:07.306616','66','SavedForms object (66)',3,'',14,2),(582,'2019-06-14 11:20:07.357957','65','SavedForms object (65)',3,'',14,2),(583,'2019-06-14 11:20:07.582757','64','SavedForms object (64)',3,'',14,2),(584,'2019-06-14 11:20:07.632644','63','SavedForms object (63)',3,'',14,2),(585,'2019-06-14 11:20:07.682802','62','SavedForms object (62)',3,'',14,2),(586,'2019-06-14 11:20:07.732868','61','SavedForms object (61)',3,'',14,2),(587,'2019-06-14 11:20:07.783655','60','SavedForms object (60)',3,'',14,2),(588,'2019-06-14 11:20:07.825334','59','SavedForms object (59)',3,'',14,2),(589,'2019-06-14 11:20:07.866649','58','SavedForms object (58)',3,'',14,2),(590,'2019-06-14 11:20:07.908537','57','SavedForms object (57)',3,'',14,2),(591,'2019-06-14 11:20:07.950452','56','SavedForms object (56)',3,'',14,2),(592,'2019-06-14 11:20:07.992353','55','SavedForms object (55)',3,'',14,2),(593,'2019-06-14 11:20:08.034091','54','SavedForms object (54)',3,'',14,2),(594,'2019-06-14 11:20:08.075870','53','SavedForms object (53)',3,'',14,2),(595,'2019-06-14 11:20:08.117007','52','SavedForms object (52)',3,'',14,2),(596,'2019-06-14 11:20:08.159173','51','SavedForms object (51)',3,'',14,2),(597,'2019-06-14 11:20:08.200711','50','SavedForms object (50)',3,'',14,2),(598,'2019-06-14 11:20:08.242560','49','SavedForms object (49)',3,'',14,2),(599,'2019-06-14 11:20:08.284815','48','SavedForms object (48)',3,'',14,2),(600,'2019-06-14 11:20:08.326881','47','SavedForms object (47)',3,'',14,2),(601,'2019-06-14 11:20:08.368334','46','SavedForms object (46)',3,'',14,2),(602,'2019-06-14 11:20:08.409965','45','SavedForms object (45)',3,'',14,2),(603,'2019-06-14 11:20:08.451776','44','SavedForms object (44)',3,'',14,2),(604,'2019-06-14 11:20:08.493589','43','SavedForms object (43)',3,'',14,2),(605,'2019-06-14 11:20:08.535632','42','SavedForms object (42)',3,'',14,2),(606,'2019-06-14 11:20:08.577442','41','SavedForms object (41)',3,'',14,2),(607,'2019-06-14 11:20:08.618910','40','SavedForms object (40)',3,'',14,2),(608,'2019-06-14 11:20:08.660915','39','SavedForms object (39)',3,'',14,2),(609,'2019-06-14 11:20:08.702698','38','SavedForms object (38)',3,'',14,2),(610,'2019-06-14 11:20:08.744493','37','SavedForms object (37)',3,'',14,2),(611,'2019-06-14 11:26:24.461101','84','SavedForms object (84)',3,'',14,2),(612,'2019-06-14 11:26:24.526177','83','SavedForms object (83)',3,'',14,2),(613,'2019-06-14 11:26:24.567670','82','SavedForms object (82)',3,'',14,2),(614,'2019-06-14 11:26:51.805548','123','number-1559192472215',3,'',16,2),(615,'2019-06-14 11:26:51.844459','119','number-1559192472215',3,'',16,2),(616,'2019-06-14 11:26:51.885960','115','number-1559192472215',3,'',16,2),(617,'2019-06-14 11:26:51.928042','111','number-1559192472215',3,'',16,2),(618,'2019-06-14 11:26:51.970080','110','number-1559192472215',3,'',16,2),(619,'2019-06-14 11:26:52.011563','124','text-1559192495133',3,'',16,2),(620,'2019-06-14 11:26:52.053622','120','text-1559192495133',3,'',16,2),(621,'2019-06-14 11:26:52.095896','116','text-1559192495133',3,'',16,2),(622,'2019-06-14 11:26:52.137129','112','text-1559192495133',3,'',16,2),(623,'2019-06-14 11:26:52.212941','126','text-1559192521346',3,'',16,2),(624,'2019-06-14 11:26:52.280103','122','text-1559192521346',3,'',16,2),(625,'2019-06-14 11:26:52.322307','118','text-1559192521346',3,'',16,2),(626,'2019-06-14 11:26:52.364007','114','text-1559192521346',3,'',16,2),(627,'2019-06-14 11:26:52.405297','125','text-1560403411640',3,'',16,2),(628,'2019-06-14 11:26:52.447197','121','text-1560403411640',3,'',16,2),(629,'2019-06-14 11:26:52.489305','117','text-1560403411640',3,'',16,2),(630,'2019-06-14 11:26:52.530927','113','text-1560403411640',3,'',16,2),(631,'2019-06-14 11:46:37.136750','127','number-1559192472215',3,'',16,2),(632,'2019-06-14 11:46:37.204028','128','text-1559192495133',3,'',16,2),(633,'2019-06-14 11:46:37.244659','130','text-1559192521346',3,'',16,2),(634,'2019-06-14 11:46:37.286598','129','text-1560403411640',3,'',16,2),(635,'2019-06-14 11:46:43.898732','96','SavedForms object (96)',3,'',14,2),(636,'2019-06-14 11:46:43.952796','95','SavedForms object (95)',3,'',14,2),(637,'2019-06-14 11:46:43.994606','94','SavedForms object (94)',3,'',14,2),(638,'2019-06-14 11:46:44.036596','93','SavedForms object (93)',3,'',14,2),(639,'2019-06-14 11:46:44.078185','92','SavedForms object (92)',3,'',14,2),(640,'2019-06-14 11:46:44.120053','91','SavedForms object (91)',3,'',14,2),(641,'2019-06-14 11:46:44.161710','90','SavedForms object (90)',3,'',14,2),(642,'2019-06-14 11:46:44.203530','89','SavedForms object (89)',3,'',14,2),(643,'2019-06-14 11:46:44.245493','88','SavedForms object (88)',3,'',14,2),(644,'2019-06-14 11:46:44.287068','87','SavedForms object (87)',3,'',14,2),(645,'2019-06-14 11:46:44.328524','86','SavedForms object (86)',3,'',14,2),(646,'2019-06-14 11:46:44.370093','85','SavedForms object (85)',3,'',14,2),(647,'2019-06-14 11:48:23.469539','98','SavedForms object (98)',3,'',14,2),(648,'2019-06-14 11:48:23.528779','97','SavedForms object (97)',3,'',14,2),(649,'2019-06-14 11:49:20.366284','134','text-1559192521346',3,'',16,2),(650,'2019-06-14 11:49:20.413846','133','text-1560403411640',3,'',16,2),(651,'2019-06-14 11:49:20.497415','132','text-1559192495133',3,'',16,2),(652,'2019-06-14 11:49:20.580551','131','number-1559192472215',3,'',16,2),(653,'2019-06-14 11:50:29.838270','135','number-1559192472215',3,'',16,2),(654,'2019-06-14 11:50:37.084217','99','SavedForms object (99)',3,'',14,2),(655,'2019-06-14 11:52:21.949373','139','text-1559192521346',3,'',16,2),(656,'2019-06-14 11:52:22.004115','138','text-1560403411640',3,'',16,2),(657,'2019-06-14 11:52:22.054127','137','text-1559192495133',3,'',16,2),(658,'2019-06-14 11:52:22.096119','136','number-1559192472215',3,'',16,2),(659,'2019-06-14 11:52:29.571035','101','SavedForms object (101)',3,'',14,2),(660,'2019-06-14 11:52:29.659392','100','SavedForms object (100)',3,'',14,2),(661,'2019-06-14 11:54:22.974512','111','SavedForms object (111)',3,'',14,2),(662,'2019-06-14 11:54:23.025748','110','SavedForms object (110)',3,'',14,2),(663,'2019-06-14 11:54:23.067642','109','SavedForms object (109)',3,'',14,2),(664,'2019-06-14 11:54:23.109239','108','SavedForms object (108)',3,'',14,2),(665,'2019-06-14 11:54:23.151208','107','SavedForms object (107)',3,'',14,2),(666,'2019-06-14 11:54:23.193543','106','SavedForms object (106)',3,'',14,2),(667,'2019-06-14 11:54:23.235015','105','SavedForms object (105)',3,'',14,2),(668,'2019-06-14 11:54:23.276455','104','SavedForms object (104)',3,'',14,2),(669,'2019-06-14 11:54:23.326858','103','SavedForms object (103)',3,'',14,2),(670,'2019-06-14 11:54:23.402651','102','SavedForms object (102)',3,'',14,2),(671,'2019-06-14 11:56:27.791244','140','number-1559192472215',3,'',16,2),(672,'2019-06-14 11:56:53.032345','126','inquiries',3,'',20,2),(673,'2019-06-14 11:58:52.530267','117','SavedForms object (117)',3,'',14,2),(674,'2019-06-14 11:58:52.585973','116','SavedForms object (116)',3,'',14,2),(675,'2019-06-14 11:58:52.636273','115','SavedForms object (115)',3,'',14,2),(676,'2019-06-14 11:58:52.686044','114','SavedForms object (114)',3,'',14,2),(677,'2019-06-14 11:58:52.736002','113','SavedForms object (113)',3,'',14,2),(678,'2019-06-14 11:58:52.786686','112','SavedForms object (112)',3,'',14,2),(679,'2019-06-14 11:59:43.561791','2','SampleForms object (2)',3,'',15,2),(680,'2019-06-14 11:59:43.625202','1','SampleForms object (1)',3,'',15,2),(681,'2019-06-14 12:00:19.230970','141','number-1559192472215',3,'',16,2),(682,'2019-06-14 12:00:50.075513','3','SampleForms object (3)',1,'[{\"added\": {}}]',15,2),(683,'2019-06-14 12:01:33.585043','4','SampleForms object (4)',1,'[{\"added\": {}}]',15,2),(684,'2019-06-14 12:04:03.898479','149','text-1559192521346',3,'',16,2),(685,'2019-06-14 12:04:03.969382','148','text-1560403411640',3,'',16,2),(686,'2019-06-14 12:04:04.010348','147','text-1559192495133',3,'',16,2),(687,'2019-06-14 12:04:04.052514','146','text-1559192521346',3,'',16,2),(688,'2019-06-14 12:04:04.094278','145','text-1560403411640',3,'',16,2),(689,'2019-06-14 12:04:04.135994','144','number-1559192472215',3,'',16,2),(690,'2019-06-14 12:04:04.177559','143','text-1559192495133',3,'',16,2),(691,'2019-06-14 12:04:04.219448','142','number-1559192472215',3,'',16,2),(692,'2019-06-14 12:06:01.077264','153','text-1559192521346',3,'',16,2),(693,'2019-06-14 12:06:01.131201','152','text-1560403411640',3,'',16,2),(694,'2019-06-14 12:06:01.172487','151','text-1559192495133',3,'',16,2),(695,'2019-06-14 12:06:01.213997','150','number-1559192472215',3,'',16,2),(696,'2019-06-14 12:06:39.161304','157','text-1559192521346',3,'',16,2),(697,'2019-06-14 12:06:39.195989','156','text-1560403411640',3,'',16,2),(698,'2019-06-14 12:06:39.238315','155','text-1559192495133',3,'',16,2),(699,'2019-06-14 12:06:39.279384','154','number-1559192472215',3,'',16,2),(700,'2019-06-14 12:06:55.338810','123','SavedForms object (123)',3,'',14,2),(701,'2019-06-14 12:06:55.394512','122','SavedForms object (122)',3,'',14,2),(702,'2019-06-14 12:06:55.435816','121','SavedForms object (121)',3,'',14,2),(703,'2019-06-14 12:06:55.477706','120','SavedForms object (120)',3,'',14,2),(704,'2019-06-14 12:06:55.519695','119','SavedForms object (119)',3,'',14,2),(705,'2019-06-14 12:06:55.561452','118','SavedForms object (118)',3,'',14,2),(706,'2019-06-14 12:16:21.462831','165','text-1559192521346',3,'',16,2),(707,'2019-06-14 12:16:21.513320','164','text-1560403411640',3,'',16,2),(708,'2019-06-14 12:16:21.554540','163','text-1559192495133',3,'',16,2),(709,'2019-06-14 12:16:21.596807','162','number-1559192472215',3,'',16,2),(710,'2019-06-14 12:16:21.639207','161','text-1559192521346',3,'',16,2),(711,'2019-06-14 12:16:21.680219','160','text-1560403411640',3,'',16,2),(712,'2019-06-14 12:16:21.721997','159','text-1559192495133',3,'',16,2),(713,'2019-06-14 12:16:21.763776','158','number-1559192472215',3,'',16,2),(714,'2019-06-14 12:17:46.796402','130','SavedForms object (130)',3,'',14,2),(715,'2019-06-14 12:17:46.851519','129','SavedForms object (129)',3,'',14,2),(716,'2019-06-14 12:17:46.895002','128','SavedForms object (128)',3,'',14,2),(717,'2019-06-14 12:17:46.936860','127','SavedForms object (127)',3,'',14,2),(718,'2019-06-14 12:17:46.978567','126','SavedForms object (126)',3,'',14,2),(719,'2019-06-14 12:17:47.019785','125','SavedForms object (125)',3,'',14,2),(720,'2019-06-14 12:17:47.061775','124','SavedForms object (124)',3,'',14,2),(721,'2019-06-14 12:17:57.798554','177','text-1559192521346',3,'',16,2),(722,'2019-06-14 12:17:57.840269','176','text-1560403411640',3,'',16,2),(723,'2019-06-14 12:17:57.881355','175','text-1559192495133',3,'',16,2),(724,'2019-06-14 12:17:57.923711','174','number-1559192472215',3,'',16,2),(725,'2019-06-14 12:17:57.965644','173','text-1559192521346',3,'',16,2),(726,'2019-06-14 12:17:58.007197','172','text-1560403411640',3,'',16,2),(727,'2019-06-14 12:17:58.049067','171','text-1559192495133',3,'',16,2),(728,'2019-06-14 12:17:58.090362','170','number-1559192472215',3,'',16,2),(729,'2019-06-14 12:17:58.132507','169','text-1559192521346',3,'',16,2),(730,'2019-06-14 12:17:58.174253','168','text-1560403411640',3,'',16,2),(731,'2019-06-14 12:17:58.215998','167','text-1559192495133',3,'',16,2),(732,'2019-06-14 12:17:58.257960','166','number-1559192472215',3,'',16,2),(733,'2019-06-14 12:18:11.268777','133','SavedForms object (133)',3,'',14,2),(734,'2019-06-14 12:18:11.313761','132','SavedForms object (132)',3,'',14,2),(735,'2019-06-14 12:18:11.355589','131','SavedForms object (131)',3,'',14,2),(736,'2019-06-15 07:11:58.126870','185','text-1559192521346',3,'',16,2),(737,'2019-06-15 07:11:58.187296','184','text-1560403411640',3,'',16,2),(738,'2019-06-15 07:11:58.228527','183','text-1559192495133',3,'',16,2),(739,'2019-06-15 07:11:58.270400','182','number-1559192472215',3,'',16,2),(740,'2019-06-15 07:11:58.312366','181','text-1559192521346',3,'',16,2),(741,'2019-06-15 07:11:58.354312','180','text-1560403411640',3,'',16,2),(742,'2019-06-15 07:11:58.396055','179','text-1559192495133',3,'',16,2),(743,'2019-06-15 07:11:58.437448','178','number-1559192472215',3,'',16,2),(744,'2019-06-15 08:36:14.421514','191','text-1559192495133',3,'',16,2),(745,'2019-06-15 08:36:14.462380','190','number-1559192472215',3,'',16,2),(746,'2019-06-15 08:36:14.504337','189','text-1559192521346',3,'',16,2),(747,'2019-06-15 08:36:14.546056','188','text-1560403411640',3,'',16,2),(748,'2019-06-15 08:36:14.588007','187','text-1559192495133',3,'',16,2),(749,'2019-06-15 08:36:14.629661','186','number-1559192472215',3,'',16,2),(750,'2019-06-15 08:37:27.478937','139','SavedForms object (139)',3,'',14,2),(751,'2019-06-15 08:37:27.524730','138','SavedForms object (138)',3,'',14,2),(752,'2019-06-15 08:37:27.566598','137','SavedForms object (137)',3,'',14,2),(753,'2019-06-15 08:37:27.608987','136','SavedForms object (136)',3,'',14,2),(754,'2019-06-15 08:37:27.650613','135','SavedForms object (135)',3,'',14,2),(755,'2019-06-15 08:37:27.692344','134','SavedForms object (134)',3,'',14,2),(756,'2019-06-17 06:23:33.275199','2','EmailNotification object (2)',3,'',22,2),(757,'2019-06-17 06:23:33.329997','1','EmailNotification object (1)',3,'',22,2),(758,'2019-06-17 06:35:09.415303','161','CreateRule object (161)',3,'',20,2),(759,'2019-06-17 06:35:09.461740','160','CreateRule object (160)',3,'',20,2),(760,'2019-06-17 06:35:09.503076','159','CreateRule object (159)',3,'',20,2),(761,'2019-06-17 06:35:09.544798','158','CreateRule object (158)',3,'',20,2),(762,'2019-06-17 06:35:09.586962','157','CreateRule object (157)',3,'',20,2),(763,'2019-06-17 06:35:09.628478','156','CreateRule object (156)',3,'',20,2),(764,'2019-06-17 06:35:09.670300','155','CreateRule object (155)',3,'',20,2),(765,'2019-06-17 06:35:09.711632','154','CreateRule object (154)',3,'',20,2),(766,'2019-06-17 06:35:09.753874','153','CreateRule object (153)',3,'',20,2),(767,'2019-06-17 06:35:09.795125','152','CreateRule object (152)',3,'',20,2),(768,'2019-06-17 06:35:09.837052','151','CreateRule object (151)',3,'',20,2),(769,'2019-06-17 06:35:09.879204','150','CreateRule object (150)',3,'',20,2),(770,'2019-06-17 06:35:09.920928','149','CreateRule object (149)',3,'',20,2),(771,'2019-06-17 06:35:09.962494','148','CreateRule object (148)',3,'',20,2),(772,'2019-06-17 06:35:10.003995','147','CreateRule object (147)',3,'',20,2),(773,'2019-06-17 06:35:10.045992','146','CreateRule object (146)',3,'',20,2),(774,'2019-06-17 06:35:10.087297','145','CreateRule object (145)',3,'',20,2),(775,'2019-06-17 06:35:10.129480','144','CreateRule object (144)',3,'',20,2),(776,'2019-06-17 06:35:10.221558','143','CreateRule object (143)',3,'',20,2),(777,'2019-06-17 06:35:10.271616','142','CreateRule object (142)',3,'',20,2),(778,'2019-06-17 06:35:10.322302','141','CreateRule object (141)',3,'',20,2),(779,'2019-06-17 06:35:10.371728','140','CreateRule object (140)',3,'',20,2),(780,'2019-06-17 06:35:10.421621','139','CreateRule object (139)',3,'',20,2),(781,'2019-06-17 06:35:10.472228','138','CreateRule object (138)',3,'',20,2),(782,'2019-06-17 06:35:10.514005','137','CreateRule object (137)',3,'',20,2),(783,'2019-06-17 06:35:10.555814','136','CreateRule object (136)',3,'',20,2),(784,'2019-06-17 06:35:10.597361','135','CreateRule object (135)',3,'',20,2),(785,'2019-06-17 06:35:10.639366','134','CreateRule object (134)',3,'',20,2),(786,'2019-06-17 06:35:10.680865','133','CreateRule object (133)',3,'',20,2),(787,'2019-06-17 06:35:10.722656','132','CreateRule object (132)',3,'',20,2),(788,'2019-06-17 06:35:10.764640','131','CreateRule object (131)',3,'',20,2),(789,'2019-06-17 06:35:10.806149','130','CreateRule object (130)',3,'',20,2),(790,'2019-06-17 06:35:10.847621','129','CreateRule object (129)',3,'',20,2),(791,'2019-06-17 06:35:10.889577','128','CreateRule object (128)',3,'',20,2),(792,'2019-06-17 06:35:10.931696','127','CreateRule object (127)',3,'',20,2),(793,'2019-06-17 06:39:59.749407','24','EmailNotification object (24)',3,'',22,2),(794,'2019-06-17 06:39:59.840819','23','EmailNotification object (23)',3,'',22,2),(795,'2019-06-17 06:39:59.890542','22','EmailNotification object (22)',3,'',22,2),(796,'2019-06-17 06:39:59.932097','21','EmailNotification object (21)',3,'',22,2),(797,'2019-06-17 06:39:59.974425','20','EmailNotification object (20)',3,'',22,2),(798,'2019-06-17 06:40:00.015676','19','EmailNotification object (19)',3,'',22,2),(799,'2019-06-17 06:40:00.058097','18','EmailNotification object (18)',3,'',22,2),(800,'2019-06-17 06:43:41.480252','26','EmailNotification object (26)',3,'',22,2),(801,'2019-06-17 06:43:41.535996','25','EmailNotification object (25)',3,'',22,2),(802,'2019-06-17 06:44:36.694705','28','EmailNotification object (28)',3,'',22,2),(803,'2019-06-17 06:44:36.747614','27','EmailNotification object (27)',3,'',22,2),(804,'2019-06-17 06:54:56.980844','162','CreateRule object (162)',3,'',20,2),(805,'2019-06-17 07:04:03.050462','164','CreateRule object (164)',3,'',20,2),(806,'2019-06-17 07:04:03.101777','163','CreateRule object (163)',3,'',20,2),(807,'2019-06-17 07:11:46.047931','166','inquiries',3,'',20,2),(808,'2019-06-17 07:11:46.102521','165','inquiries',3,'',20,2),(809,'2019-06-17 07:12:33.797430','167','inquiries',3,'',20,2),(810,'2019-06-17 07:25:13.250987','169','inquiries',3,'',20,2),(811,'2019-06-17 07:25:13.307699','168','inquiries',3,'',20,2),(812,'2019-06-17 10:55:00.931930','170','inquiries',3,'',20,2),(813,'2019-06-17 10:55:10.122091','171','inquiries',3,'',20,2),(814,'2019-06-17 11:32:22.532617','172','inquiries',3,'',20,2),(815,'2019-06-17 11:33:32.637232','173','inquiries',3,'',20,2),(816,'2019-06-17 11:36:18.162641','174','inquiries',3,'',20,2),(817,'2019-06-17 11:38:03.604147','153','SavedForms object (153)',3,'',14,2),(818,'2019-06-17 11:38:03.957459','152','SavedForms object (152)',3,'',14,2),(819,'2019-06-17 11:38:03.999313','151','SavedForms object (151)',3,'',14,2),(820,'2019-06-17 11:38:04.041439','150','SavedForms object (150)',3,'',14,2),(821,'2019-06-17 11:38:04.082702','149','SavedForms object (149)',3,'',14,2),(822,'2019-06-17 11:38:04.124544','148','SavedForms object (148)',3,'',14,2),(823,'2019-06-17 11:38:04.166384','147','SavedForms object (147)',3,'',14,2),(824,'2019-06-17 11:38:04.207999','146','SavedForms object (146)',3,'',14,2),(825,'2019-06-17 11:38:04.249612','145','SavedForms object (145)',3,'',14,2),(826,'2019-06-17 11:38:04.291696','144','SavedForms object (144)',3,'',14,2),(827,'2019-06-17 11:38:04.333467','143','SavedForms object (143)',3,'',14,2),(828,'2019-06-17 11:38:04.375272','142','SavedForms object (142)',3,'',14,2),(829,'2019-06-17 11:38:04.416919','141','SavedForms object (141)',3,'',14,2),(830,'2019-06-17 11:38:04.467290','140','SavedForms object (140)',3,'',14,2),(831,'2019-06-17 11:42:17.163766','233','text-1559192495133',3,'',16,2),(832,'2019-06-17 11:42:17.235209','232','number-1559192472215',3,'',16,2),(833,'2019-06-17 11:42:17.277613','231','text-1559192495133',3,'',16,2),(834,'2019-06-17 11:42:17.318584','230','number-1559192472215',3,'',16,2),(835,'2019-06-17 11:42:17.360604','229','text-1559192495133',3,'',16,2),(836,'2019-06-17 11:42:17.402690','228','number-1559192472215',3,'',16,2),(837,'2019-06-17 11:42:17.444458','227','text-1559192495133',3,'',16,2),(838,'2019-06-17 11:42:17.486501','226','number-1559192472215',3,'',16,2),(839,'2019-06-17 11:42:17.527464','225','number-1559192472215',3,'',16,2),(840,'2019-06-17 11:42:17.569614','224','number-1559192472215',3,'',16,2),(841,'2019-06-17 11:42:17.611497','223','text-1559192495133',3,'',16,2),(842,'2019-06-17 11:42:17.653399','222','number-1559192472215',3,'',16,2),(843,'2019-06-17 11:42:17.694538','221','text-1559192495133',3,'',16,2),(844,'2019-06-17 11:42:17.820525','220','number-1559192472215',3,'',16,2),(845,'2019-06-17 11:42:17.862531','219','text-1559192495133',3,'',16,2),(846,'2019-06-17 11:42:17.903954','218','number-1559192472215',3,'',16,2),(847,'2019-06-17 11:42:17.954140','217','text-1559192495133',3,'',16,2),(848,'2019-06-17 11:42:17.995777','216','number-1559192472215',3,'',16,2),(849,'2019-06-17 11:42:18.046091','215','text-1559192495133',3,'',16,2),(850,'2019-06-17 11:42:18.096073','214','number-1559192472215',3,'',16,2),(851,'2019-06-17 11:42:18.146232','213','text-1559192495133',3,'',16,2),(852,'2019-06-17 11:42:18.195919','212','number-1559192472215',3,'',16,2),(853,'2019-06-17 11:42:18.245961','211','text-1559192495133',3,'',16,2),(854,'2019-06-17 11:42:18.296538','210','number-1559192472215',3,'',16,2),(855,'2019-06-17 11:42:18.346301','209','text-1559192495133',3,'',16,2),(856,'2019-06-17 11:42:18.396082','208','number-1559192472215',3,'',16,2),(857,'2019-06-17 11:42:18.446814','207','text-1559192495133',3,'',16,2),(858,'2019-06-17 11:42:18.521941','206','number-1559192472215',3,'',16,2),(859,'2019-06-17 11:42:18.565445','205','text-1559192495133',3,'',16,2),(860,'2019-06-17 11:42:18.607462','204','number-1559192472215',3,'',16,2),(861,'2019-06-17 11:42:18.648771','203','text-1559192495133',3,'',16,2),(862,'2019-06-17 11:42:18.690508','202','number-1559192472215',3,'',16,2),(863,'2019-06-17 11:42:18.733112','201','text-1559192521346',3,'',16,2),(864,'2019-06-17 11:42:18.774047','200','text-1560403411640',3,'',16,2),(865,'2019-06-17 11:42:18.815981','199','text-1559192495133',3,'',16,2),(866,'2019-06-17 11:42:18.857853','198','number-1559192472215',3,'',16,2),(867,'2019-06-17 11:42:18.899624','197','text-1559192495133',3,'',16,2),(868,'2019-06-17 11:42:18.941791','196','number-1559192472215',3,'',16,2),(869,'2019-06-17 11:42:18.991523','195','text-1559192521346',3,'',16,2),(870,'2019-06-17 11:42:19.064759','194','text-1560403411640',3,'',16,2),(871,'2019-06-17 11:42:19.139051','193','text-1559192495133',3,'',16,2),(872,'2019-06-17 11:42:19.214487','192','number-1559192472215',3,'',16,2),(873,'2019-06-18 04:53:23.659326','177','inquiries',3,'',20,2),(874,'2019-06-18 04:53:23.724016','176','inquiries',3,'',20,2),(875,'2019-06-18 04:53:23.765996','175','inquiries',3,'',20,2),(876,'2019-06-18 05:12:04.967783','2','vignesh@school.com',3,'',24,2),(877,'2019-06-18 05:12:05.025511','1','vignesh@school.com',3,'',24,2),(878,'2019-06-18 05:19:48.385487','186','SavedForms object (186)',3,'',14,2),(879,'2019-06-18 05:19:48.468102','185','SavedForms object (185)',3,'',14,2),(880,'2019-06-18 05:19:48.510079','184','SavedForms object (184)',3,'',14,2),(881,'2019-06-18 05:19:48.551785','183','SavedForms object (183)',3,'',14,2),(882,'2019-06-18 05:19:48.593507','182','SavedForms object (182)',3,'',14,2),(883,'2019-06-18 05:19:48.635090','181','SavedForms object (181)',3,'',14,2),(884,'2019-06-18 05:19:48.677346','180','SavedForms object (180)',3,'',14,2),(885,'2019-06-18 05:19:48.718825','179','SavedForms object (179)',3,'',14,2),(886,'2019-06-18 05:19:48.760728','178','SavedForms object (178)',3,'',14,2),(887,'2019-06-18 05:19:48.801994','177','SavedForms object (177)',3,'',14,2),(888,'2019-06-18 05:19:48.843762','176','SavedForms object (176)',3,'',14,2),(889,'2019-06-18 05:19:48.885401','175','SavedForms object (175)',3,'',14,2),(890,'2019-06-18 05:19:48.927389','174','SavedForms object (174)',3,'',14,2),(891,'2019-06-18 05:19:48.968775','173','SavedForms object (173)',3,'',14,2),(892,'2019-06-18 05:19:49.010883','172','SavedForms object (172)',3,'',14,2),(893,'2019-06-18 05:19:49.053104','171','SavedForms object (171)',3,'',14,2),(894,'2019-06-18 05:19:49.094812','170','SavedForms object (170)',3,'',14,2),(895,'2019-06-18 05:19:49.136280','169','SavedForms object (169)',3,'',14,2),(896,'2019-06-18 05:19:49.178453','168','SavedForms object (168)',3,'',14,2),(897,'2019-06-18 05:19:49.219588','167','SavedForms object (167)',3,'',14,2),(898,'2019-06-18 05:19:49.262585','166','SavedForms object (166)',3,'',14,2),(899,'2019-06-18 05:19:49.304790','165','SavedForms object (165)',3,'',14,2),(900,'2019-06-18 05:19:49.346726','164','SavedForms object (164)',3,'',14,2),(901,'2019-06-18 05:19:49.388274','163','SavedForms object (163)',3,'',14,2),(902,'2019-06-18 05:19:49.430029','162','SavedForms object (162)',3,'',14,2),(903,'2019-06-18 05:19:49.471858','161','SavedForms object (161)',3,'',14,2),(904,'2019-06-18 05:19:49.513642','160','SavedForms object (160)',3,'',14,2),(905,'2019-06-18 05:19:49.555211','159','SavedForms object (159)',3,'',14,2),(906,'2019-06-18 05:19:49.597428','158','SavedForms object (158)',3,'',14,2),(907,'2019-06-18 05:19:49.638783','157','SavedForms object (157)',3,'',14,2),(908,'2019-06-18 05:19:49.680778','156','SavedForms object (156)',3,'',14,2),(909,'2019-06-18 05:19:49.722559','155','SavedForms object (155)',3,'',14,2),(910,'2019-06-18 05:19:49.764275','154','SavedForms object (154)',3,'',14,2),(911,'2019-06-18 05:24:22.084775','285','text-1559192495133',3,'',16,2),(912,'2019-06-18 05:24:22.140943','284','number-1559192472215',3,'',16,2),(913,'2019-06-18 05:24:22.182797','283','text-1559192495133',3,'',16,2),(914,'2019-06-18 05:24:22.224958','282','number-1559192472215',3,'',16,2),(915,'2019-06-18 05:24:22.266401','281','text-1559192495133',3,'',16,2),(916,'2019-06-18 05:24:22.308167','280','number-1559192472215',3,'',16,2),(917,'2019-06-18 05:24:22.350376','279','text-1559192495133',3,'',16,2),(918,'2019-06-18 05:24:22.391698','278','number-1559192472215',3,'',16,2),(919,'2019-06-18 05:24:22.433384','277','text-1559192495133',3,'',16,2),(920,'2019-06-18 05:24:22.475215','276','number-1559192472215',3,'',16,2),(921,'2019-06-18 05:24:22.516658','275','text-1559192495133',3,'',16,2),(922,'2019-06-18 05:24:22.558660','274','number-1559192472215',3,'',16,2),(923,'2019-06-18 05:24:22.600175','273','text-1559192495133',3,'',16,2),(924,'2019-06-18 05:24:22.641684','272','number-1559192472215',3,'',16,2),(925,'2019-06-18 05:24:22.683540','271','text-1559192495133',3,'',16,2),(926,'2019-06-18 05:24:22.726371','270','number-1559192472215',3,'',16,2),(927,'2019-06-18 05:24:22.767278','269','text-1559192495133',3,'',16,2),(928,'2019-06-18 05:24:22.809661','268','number-1559192472215',3,'',16,2),(929,'2019-06-18 05:24:22.859496','267','text-1559192495133',3,'',16,2),(930,'2019-06-18 05:24:22.908878','266','number-1559192472215',3,'',16,2),(931,'2019-06-18 05:24:22.959709','265','text-1559192495133',3,'',16,2),(932,'2019-06-18 05:24:23.009992','264','number-1559192472215',3,'',16,2),(933,'2019-06-18 05:24:23.060296','263','text-1559192495133',3,'',16,2),(934,'2019-06-18 05:24:23.110114','262','number-1559192472215',3,'',16,2),(935,'2019-06-18 05:24:23.151352','261','text-1559192495133',3,'',16,2),(936,'2019-06-18 05:24:23.193397','260','number-1559192472215',3,'',16,2),(937,'2019-06-18 05:24:23.235124','259','text-1559192495133',3,'',16,2),(938,'2019-06-18 05:24:23.276435','258','number-1559192472215',3,'',16,2),(939,'2019-06-18 05:24:23.402371','257','text-1559192495133',3,'',16,2),(940,'2019-06-18 05:24:23.443562','256','number-1559192472215',3,'',16,2),(941,'2019-06-18 05:24:23.485704','255','text-1559192495133',3,'',16,2),(942,'2019-06-18 05:24:23.527596','254','number-1559192472215',3,'',16,2),(943,'2019-06-18 05:24:23.569084','253','text-1559192495133',3,'',16,2),(944,'2019-06-18 05:24:23.611126','252','number-1559192472215',3,'',16,2),(945,'2019-06-18 05:24:23.652485','251','text-1559192495133',3,'',16,2),(946,'2019-06-18 05:24:23.694054','250','number-1559192472215',3,'',16,2),(947,'2019-06-18 05:24:23.735921','249','text-1559192495133',3,'',16,2),(948,'2019-06-18 05:24:23.777836','248','number-1559192472215',3,'',16,2),(949,'2019-06-18 05:24:23.819720','247','text-1559192495133',3,'',16,2),(950,'2019-06-18 05:24:23.861439','246','number-1559192472215',3,'',16,2),(951,'2019-06-18 05:24:23.903268','245','text-1559192495133',3,'',16,2),(952,'2019-06-18 05:24:23.944809','244','number-1559192472215',3,'',16,2),(953,'2019-06-18 05:24:23.986537','243','text-1559192495133',3,'',16,2),(954,'2019-06-18 05:24:24.028470','242','number-1559192472215',3,'',16,2),(955,'2019-06-18 05:24:24.070286','241','text-1559192495133',3,'',16,2),(956,'2019-06-18 05:24:24.112342','240','number-1559192472215',3,'',16,2),(957,'2019-06-18 05:24:24.154089','239','text-1559192495133',3,'',16,2),(958,'2019-06-18 05:24:24.195811','238','number-1559192472215',3,'',16,2),(959,'2019-06-18 05:24:24.237774','237','text-1559192495133',3,'',16,2),(960,'2019-06-18 05:24:24.278983','236','number-1559192472215',3,'',16,2),(961,'2019-06-18 05:24:24.321171','235','text-1559192495133',3,'',16,2),(962,'2019-06-18 05:24:24.363029','234','number-1559192472215',3,'',16,2),(963,'2019-06-18 05:27:02.486955','178','inquiries',3,'',20,2),(964,'2019-06-18 05:27:18.197555','8','vignesh@school.com',3,'',24,2),(965,'2019-06-18 05:27:18.244953','7','vignesh@school.com',3,'',24,2),(966,'2019-06-18 05:27:18.285535','6','vignesh@school.com',3,'',24,2),(967,'2019-06-18 05:27:18.327369','5','vignesh@school.com',3,'',24,2),(968,'2019-06-18 05:27:18.369901','4','vignesh@school.com',3,'',24,2),(969,'2019-06-18 05:27:18.411668','3','vignesh@school.com',3,'',24,2),(970,'2019-06-18 05:32:03.569096','195','SavedForms object (195)',3,'',14,2),(971,'2019-06-18 05:32:03.622410','194','SavedForms object (194)',3,'',14,2),(972,'2019-06-18 05:32:03.664197','193','SavedForms object (193)',3,'',14,2),(973,'2019-06-18 05:32:03.705651','192','SavedForms object (192)',3,'',14,2),(974,'2019-06-18 05:32:03.747453','191','SavedForms object (191)',3,'',14,2),(975,'2019-06-18 05:32:03.788961','190','SavedForms object (190)',3,'',14,2),(976,'2019-06-18 05:32:03.830612','189','SavedForms object (189)',3,'',14,2),(977,'2019-06-18 05:32:03.872391','188','SavedForms object (188)',3,'',14,2),(978,'2019-06-18 05:32:03.914723','187','SavedForms object (187)',3,'',14,2),(979,'2019-06-18 05:40:07.710486','7','Scheduled Email',2,'[{\"changed\": {\"fields\": [\"email_recipients\"]}}]',23,2),(980,'2019-06-18 05:40:55.281489','25','vignesh@school.com',3,'',24,2),(981,'2019-06-18 05:40:55.331492','24','vignesh@school.com',3,'',24,2),(982,'2019-06-18 05:40:55.373177','23','vignesh@school.com',3,'',24,2),(983,'2019-06-18 05:40:55.415817','22','vignesh@school.com',3,'',24,2),(984,'2019-06-18 05:40:55.457371','21','vignesh@school.com',3,'',24,2),(985,'2019-06-18 05:40:55.499081','20','vignesh@school.com',3,'',24,2),(986,'2019-06-18 05:40:55.541527','19','vignesh@school.com',3,'',24,2),(987,'2019-06-18 05:40:55.582261','18','vignesh@school.com',3,'',24,2),(988,'2019-06-18 05:40:55.624146','17','vignesh@school.com',3,'',24,2),(989,'2019-06-18 05:40:55.666764','16','vignesh@school.com',3,'',24,2),(990,'2019-06-18 05:40:55.707889','15','vignesh@school.com',3,'',24,2),(991,'2019-06-18 05:40:55.749659','14','vignesh@school.com',3,'',24,2),(992,'2019-06-18 05:40:55.791590','13','vignesh@school.com',3,'',24,2),(993,'2019-06-18 05:40:55.833369','12','vignesh@school.com',3,'',24,2),(994,'2019-06-18 05:40:55.875639','11','vignesh@school.com',3,'',24,2),(995,'2019-06-18 05:40:55.917609','10','vignesh@school.com',3,'',24,2),(996,'2019-06-18 05:40:55.958431','9','vignesh@school.com',3,'',24,2),(997,'2019-06-18 05:41:33.201680','7','Scheduled Email',3,'',23,2),(998,'2019-06-18 05:42:21.666925','8','Scheduled Email',2,'[{\"changed\": {\"fields\": [\"email_recipients\"]}}]',23,2),(999,'2019-06-18 06:04:08.749948','12','DynamicForms object (12)',3,'',13,2),(1000,'2019-06-18 06:05:20.186674','4','SampleForms object (4)',2,'[{\"changed\": {\"fields\": [\"form_field\"]}}]',15,2),(1001,'2019-06-18 06:06:24.071542','13','DynamicForms object (13)',3,'',13,2),(1002,'2019-06-18 06:06:54.415739','14','DynamicForms object (14)',3,'',13,2),(1003,'2019-06-18 06:07:17.717936','4','SampleForms object (4)',2,'[{\"changed\": {\"fields\": [\"form_field\"]}}]',15,2),(1004,'2019-06-18 06:17:54.991488','9','Scheduled Email',2,'[{\"changed\": {\"fields\": [\"email_template\"]}}]',23,2),(1005,'2019-06-18 06:30:30.378742','1','Where can you find good quality school supplies and materials',1,'[{\"added\": {}}]',25,2),(1006,'2019-06-18 06:36:21.552083','1','Where can you find good quality school supplies and materials',3,'',25,2),(1007,'2019-06-18 06:37:53.799716','2','Where can you find good quality school supplies and materials',1,'[{\"added\": {}}]',25,2),(1008,'2019-06-18 06:44:12.754941','180','inquiries',3,'',20,2),(1009,'2019-06-18 06:44:12.833365','179','inquiries',3,'',20,2),(1010,'2019-06-18 09:50:52.276690','3','sadasd',3,'',25,2),(1011,'2019-06-18 10:05:05.784489','5','ModulePermission object (5)',3,'',10,2),(1012,'2019-06-18 10:05:05.849545','4','ModulePermission object (4)',3,'',10,2),(1013,'2019-06-18 10:05:05.891356','3','ModulePermission object (3)',3,'',10,2),(1014,'2019-06-18 10:05:05.933639','2','ModulePermission object (2)',3,'',10,2),(1015,'2019-06-18 10:05:05.975356','1','ModulePermission object (1)',3,'',10,2),(1016,'2019-06-18 10:26:00.618181','41','Edit',3,'',18,2),(1017,'2019-06-18 10:26:34.540844','42','Edit',3,'',18,2),(1018,'2019-06-18 10:37:08.024393','181','inquiries',3,'',20,2),(1019,'2019-06-18 10:39:08.280341','182','inquiries',3,'',20,2),(1020,'2019-06-18 10:40:08.239441','183','inquiries',3,'',20,2),(1021,'2019-06-18 10:51:07.173854','43','Create',3,'',18,2),(1022,'2019-06-18 11:19:21.040399','184','inquiries',3,'',20,2),(1023,'2019-06-18 11:22:56.781482','31','vignesh@school.com',3,'',24,2),(1024,'2019-06-18 11:22:56.836498','30','vignesh@school.com',3,'',24,2),(1025,'2019-06-18 11:22:56.878012','29','vignesh@school.com',3,'',24,2),(1026,'2019-06-18 11:22:56.920100','28','vignesh@school.com',3,'',24,2),(1027,'2019-06-18 11:22:56.961519','27','vignesh@school.com',3,'',24,2),(1028,'2019-06-18 11:22:57.003429','26','vignesh@school.com',3,'',24,2),(1029,'2019-06-19 09:20:17.433969','10','ModulePermission object (10)',3,'',10,2),(1030,'2019-06-19 09:20:17.513676','9','ModulePermission object (9)',3,'',10,2),(1031,'2019-06-19 09:20:17.556028','8','ModulePermission object (8)',3,'',10,2),(1032,'2019-06-19 09:20:17.597402','7','ModulePermission object (7)',3,'',10,2),(1033,'2019-06-19 09:20:17.639412','6','ModulePermission object (6)',3,'',10,2),(1034,'2019-06-19 10:27:46.563810','13','ModulePermission object (13)',3,'',10,2),(1035,'2019-06-19 10:28:18.129980','14','ModulePermission object (14)',3,'',10,2),(1036,'2019-06-19 10:30:34.374405','19','ModulePermission object (19)',3,'',10,2),(1037,'2019-06-19 10:30:34.420808','18','ModulePermission object (18)',3,'',10,2),(1038,'2019-06-20 05:51:10.866348','20','ModulePermission object (20)',3,'',10,2),(1039,'2019-06-20 05:51:10.959794','17','ModulePermission object (17)',3,'',10,2),(1040,'2019-06-20 05:51:11.002377','16','ModulePermission object (16)',3,'',10,2),(1041,'2019-06-20 05:51:11.043160','15','ModulePermission object (15)',3,'',10,2),(1042,'2019-06-20 05:51:11.227403','12','ModulePermission object (12)',3,'',10,2),(1043,'2019-06-20 05:51:11.728737','11','ModulePermission object (11)',3,'',10,2),(1044,'2019-06-20 12:32:58.061365','50','ModulePermission object (50)',3,'',10,2),(1045,'2019-06-20 12:32:58.106871','49','ModulePermission object (49)',3,'',10,2),(1046,'2019-06-20 12:32:58.148897','48','ModulePermission object (48)',3,'',10,2),(1047,'2019-06-20 12:32:58.190781','47','ModulePermission object (47)',3,'',10,2),(1048,'2019-06-20 12:32:58.232334','46','ModulePermission object (46)',3,'',10,2),(1049,'2019-06-20 12:32:58.274400','45','ModulePermission object (45)',3,'',10,2),(1050,'2019-06-20 12:32:58.316616','44','ModulePermission object (44)',3,'',10,2),(1051,'2019-06-20 12:32:58.358670','43','ModulePermission object (43)',3,'',10,2),(1052,'2019-06-20 12:32:58.400730','42','ModulePermission object (42)',3,'',10,2),(1053,'2019-06-20 12:32:58.442245','41','ModulePermission object (41)',3,'',10,2),(1054,'2019-06-20 12:32:58.484189','40','ModulePermission object (40)',3,'',10,2),(1055,'2019-06-20 12:32:58.525882','39','ModulePermission object (39)',3,'',10,2),(1056,'2019-06-20 12:32:58.567597','38','ModulePermission object (38)',3,'',10,2),(1057,'2019-06-20 12:32:58.609354','37','ModulePermission object (37)',3,'',10,2),(1058,'2019-06-20 12:32:58.651609','36','ModulePermission object (36)',3,'',10,2),(1059,'2019-06-20 12:32:58.692929','35','ModulePermission object (35)',3,'',10,2),(1060,'2019-06-20 12:32:58.734686','34','ModulePermission object (34)',3,'',10,2),(1061,'2019-06-20 12:32:58.776561','33','ModulePermission object (33)',3,'',10,2),(1062,'2019-06-20 12:32:58.818470','32','ModulePermission object (32)',3,'',10,2),(1063,'2019-06-20 12:32:58.859867','31','ModulePermission object (31)',3,'',10,2),(1064,'2019-06-20 12:32:58.902052','30','ModulePermission object (30)',3,'',10,2),(1065,'2019-06-20 12:32:58.943927','29','ModulePermission object (29)',3,'',10,2),(1066,'2019-06-20 12:32:58.985439','28','ModulePermission object (28)',3,'',10,2),(1067,'2019-06-20 12:32:59.027195','27','ModulePermission object (27)',3,'',10,2),(1068,'2019-06-20 12:32:59.068991','26','ModulePermission object (26)',3,'',10,2),(1069,'2019-06-20 12:32:59.110696','25','ModulePermission object (25)',3,'',10,2),(1070,'2019-06-20 12:32:59.152206','24','ModulePermission object (24)',3,'',10,2),(1071,'2019-06-20 12:32:59.194049','23','ModulePermission object (23)',3,'',10,2),(1072,'2019-06-20 12:32:59.235847','22','ModulePermission object (22)',3,'',10,2),(1073,'2019-06-20 12:32:59.277627','21','ModulePermission object (21)',3,'',10,2),(1074,'2019-06-20 12:34:59.647097','188','inquiries',3,'',20,2),(1075,'2019-06-20 12:34:59.714262','187','inquiries',3,'',20,2),(1076,'2019-06-20 12:34:59.756289','186','inquiries',3,'',20,2),(1077,'2019-06-20 12:34:59.797530','185','inquiries',3,'',20,2),(1078,'2019-06-20 12:44:49.057844','193','inquiries',3,'',20,2),(1079,'2019-06-20 12:44:49.130464','192','inquiries',3,'',20,2),(1080,'2019-06-20 12:44:49.171923','191','inquiries',3,'',20,2),(1081,'2019-06-20 12:44:49.213483','190','inquiries',3,'',20,2),(1082,'2019-06-20 12:44:49.255396','189','inquiries',3,'',20,2),(1083,'2019-06-20 12:56:14.379721','196','inquiries',3,'',20,2),(1084,'2019-06-20 12:56:14.430530','195','inquiries',3,'',20,2),(1085,'2019-06-20 12:56:14.472196','194','inquiries',3,'',20,2),(1086,'2019-06-20 12:59:01.508030','200','inquiries',3,'',20,2),(1087,'2019-06-20 12:59:01.564188','199','inquiries',3,'',20,2),(1088,'2019-06-20 12:59:01.605522','198','inquiries',3,'',20,2),(1089,'2019-06-20 12:59:01.647910','197','inquiries',3,'',20,2),(1090,'2019-06-21 06:56:38.217297','203','inquiries',3,'',20,2),(1091,'2019-06-21 06:56:38.476425','202','inquiries',3,'',20,2),(1092,'2019-06-21 06:56:38.551149','201','inquiries',3,'',20,2),(1093,'2019-06-21 07:01:01.268928','204','inquiries',3,'',20,2),(1094,'2019-06-21 07:03:39.270903','206','inquiries',3,'',20,2),(1095,'2019-06-21 07:03:39.323953','205','inquiries',3,'',20,2),(1096,'2019-06-21 08:56:40.977738','210','inquiries',3,'',20,2),(1097,'2019-06-21 08:56:41.035577','209','inquiries',3,'',20,2),(1098,'2019-06-21 08:56:41.077364','208','inquiries',3,'',20,2),(1099,'2019-06-21 08:56:41.118947','207','inquiries',3,'',20,2),(1100,'2019-06-21 10:42:38.234039','213','inquiries',3,'',20,2),(1101,'2019-06-21 10:42:38.291775','212','inquiries',3,'',20,2),(1102,'2019-06-21 10:42:38.334022','211','inquiries',3,'',20,2),(1103,'2019-06-26 07:10:10.396247','55','ModulePermission object (55)',3,'',10,2),(1104,'2019-06-26 07:10:10.469522','54','ModulePermission object (54)',3,'',10,2),(1105,'2019-06-26 07:10:10.511144','53','ModulePermission object (53)',3,'',10,2),(1106,'2019-06-26 07:10:10.553308','52','ModulePermission object (52)',3,'',10,2),(1107,'2019-06-26 07:10:10.594766','51','ModulePermission object (51)',3,'',10,2),(1108,'2019-06-26 11:34:17.247401','59','ModulePermission object (59)',3,'',10,2),(1109,'2019-06-26 11:34:17.354259','58','ModulePermission object (58)',3,'',10,2),(1110,'2019-06-26 11:34:17.395779','57','ModulePermission object (57)',3,'',10,2),(1111,'2019-06-26 11:34:17.462449','56','ModulePermission object (56)',3,'',10,2),(1112,'2019-06-26 11:34:31.223573','9','vv@gmail.com',3,'',4,2),(1113,'2019-06-26 11:34:44.911528','6','admin@schoolserv.in',3,'',4,2),(1114,'2019-06-26 11:34:44.987927','3','girishvasmp@gmail.com',3,'',4,2),(1115,'2019-06-26 11:34:45.071505','4','girishvasp@gmail.com',3,'',4,2),(1116,'2019-06-26 11:34:45.152526','7','subash@schoolserv.in',3,'',4,2),(1117,'2019-06-26 11:34:45.235827','8','vignesh.vignu@gmail.com',3,'',4,2),(1118,'2019-06-26 11:34:45.318158','5','vigneshtk@schoolserv.com',3,'',4,2),(1119,'2019-06-26 11:34:45.404451','1','vigneshtk@schoolserv.in',3,'',4,2),(1120,'2019-06-28 04:10:15.022034','63','ModulePermission object (63)',3,'',10,2),(1121,'2019-06-28 04:10:15.099349','62','ModulePermission object (62)',3,'',10,2),(1122,'2019-06-28 04:10:15.719548','61','ModulePermission object (61)',3,'',10,2),(1123,'2019-06-28 04:10:15.869420','60','ModulePermission object (60)',3,'',10,2),(1124,'2019-06-28 04:39:35.225599','66','ModulePermission object (66)',3,'',10,2),(1125,'2019-06-28 04:39:35.354835','65','ModulePermission object (65)',3,'',10,2),(1126,'2019-06-28 04:40:20.391444','67','ModulePermission object (67)',3,'',10,2),(1127,'2019-06-28 07:20:18.347680','11','vigneshtk@schoolserv.com',2,'[{\"changed\": {\"fields\": [\"first_name\"]}}]',4,2),(1128,'2019-06-28 08:23:28.766656','11','vigneshtk@schoolserv.com',3,'',4,2),(1129,'2019-06-28 08:24:39.798027','15','vignehtk@schoolservco.com',3,'',4,2),(1130,'2019-06-28 08:24:39.850601','12','vigneshtk@schoolservco.com',3,'',4,2),(1131,'2019-06-28 08:27:19.603420','16','vigneshtk@schoolserv.in',3,'',4,2),(1132,'2019-06-29 06:21:23.650694','1','FeaturesPermission object (1)',1,'[{\"added\": {}}]',26,2),(1133,'2019-06-29 06:21:35.231438','2','FeaturesPermission object (2)',1,'[{\"added\": {}}]',26,2),(1134,'2019-06-29 06:22:01.003566','3','FeaturesPermission object (3)',1,'[{\"added\": {}}]',26,2),(1135,'2019-06-29 06:22:12.529989','4','FeaturesPermission object (4)',1,'[{\"added\": {}}]',26,2),(1136,'2019-06-29 06:22:23.608571','5','FeaturesPermission object (5)',1,'[{\"added\": {}}]',26,2),(1137,'2019-06-29 06:22:29.503201','6','FeaturesPermission object (6)',1,'[{\"added\": {}}]',26,2),(1138,'2019-06-29 06:22:37.419732','7','FeaturesPermission object (7)',1,'[{\"added\": {}}]',26,2),(1139,'2019-06-29 06:22:54.045467','8','FeaturesPermission object (8)',1,'[{\"added\": {}}]',26,2),(1140,'2019-06-29 06:23:02.313022','9','FeaturesPermission object (9)',1,'[{\"added\": {}}]',26,2),(1141,'2019-06-29 06:23:08.540748','10','FeaturesPermission object (10)',1,'[{\"added\": {}}]',26,2),(1142,'2019-06-29 06:23:20.153450','11','FeaturesPermission object (11)',1,'[{\"added\": {}}]',26,2),(1143,'2019-06-29 06:24:41.548385','12','FeaturesPermission object (12)',1,'[{\"added\": {}}]',26,2),(1144,'2019-06-29 06:30:57.394881','13','FeaturesPermission object (13)',1,'[{\"added\": {}}]',26,2),(1145,'2019-06-29 06:31:07.523787','14','FeaturesPermission object (14)',1,'[{\"added\": {}}]',26,2),(1146,'2019-06-29 06:31:18.263482','15','FeaturesPermission object (15)',1,'[{\"added\": {}}]',26,2),(1147,'2019-06-29 06:31:29.077588','16','FeaturesPermission object (16)',1,'[{\"added\": {}}]',26,2),(1148,'2019-06-29 06:31:33.754276','17','FeaturesPermission object (17)',1,'[{\"added\": {}}]',26,2),(1149,'2019-06-29 06:31:39.322871','18','FeaturesPermission object (18)',1,'[{\"added\": {}}]',26,2),(1150,'2019-06-29 06:31:46.658745','19','FeaturesPermission object (19)',1,'[{\"added\": {}}]',26,2),(1151,'2019-06-29 06:31:53.196942','20','FeaturesPermission object (20)',1,'[{\"added\": {}}]',26,2),(1152,'2019-06-29 06:32:01.879723','21','FeaturesPermission object (21)',1,'[{\"added\": {}}]',26,2),(1153,'2019-06-29 07:31:18.619525','69','ModulePermission object (69)',3,'',10,2),(1154,'2019-06-29 07:31:18.679956','68','ModulePermission object (68)',3,'',10,2),(1155,'2019-06-29 07:31:18.730787','64','ModulePermission object (64)',3,'',10,2),(1156,'2019-06-29 08:29:42.417959','21','FeaturesPermission object (21)',2,'[{\"changed\": {\"fields\": [\"module\"]}}]',26,2),(1157,'2019-06-29 08:30:08.487962','20','FeaturesPermission object (20)',2,'[{\"changed\": {\"fields\": [\"module\"]}}]',26,2),(1158,'2019-06-29 08:30:19.959903','9','FeaturesPermission object (9)',2,'[{\"changed\": {\"fields\": [\"module\"]}}]',26,2),(1159,'2019-06-29 08:30:30.265388','8','FeaturesPermission object (8)',2,'[{\"changed\": {\"fields\": [\"module\"]}}]',26,2),(1160,'2019-06-29 08:30:38.927947','7','FeaturesPermission object (7)',2,'[{\"changed\": {\"fields\": [\"module\"]}}]',26,2),(1161,'2019-06-29 08:30:45.208801','5','FeaturesPermission object (5)',2,'[{\"changed\": {\"fields\": [\"module\"]}}]',26,2),(1162,'2019-06-29 08:30:51.579200','4','FeaturesPermission object (4)',2,'[{\"changed\": {\"fields\": [\"module\"]}}]',26,2),(1163,'2019-06-29 08:30:57.178783','3','FeaturesPermission object (3)',2,'[{\"changed\": {\"fields\": [\"module\"]}}]',26,2),(1164,'2019-06-29 08:31:03.190661','1','FeaturesPermission object (1)',2,'[{\"changed\": {\"fields\": [\"module\"]}}]',26,2),(1165,'2019-06-29 08:31:25.091043','71','ModulePermission object (71)',3,'',10,2),(1166,'2019-06-29 09:19:32.456461','18','girishvasmp@gmail.com',3,'',4,2),(1167,'2019-06-29 09:21:31.897652','20','girishvasmp@gmail.com',3,'',4,2),(1168,'2019-06-29 09:21:58.345094','22','girishvasmp@gmail.com',3,'',4,2),(1169,'2019-06-29 09:22:19.072820','23','girishvasmp@gmail.com',3,'',4,2),(1170,'2019-06-29 09:23:56.403209','24','girishvasmp@gmail.com',3,'',4,2),(1171,'2019-06-29 09:24:27.488782','26','girishvasmp@gmail.com',3,'',4,2),(1172,'2019-06-29 09:26:03.369606','27','girishvasmp@gmail.com',3,'',4,2),(1173,'2019-06-29 09:55:56.129388','28','girishvasmp@gmail.com',3,'',4,2),(1174,'2019-06-29 09:56:40.740594','29','girishvasmp@gmail.com',3,'',4,2),(1175,'2019-06-29 09:57:43.340999','30','girishvasmp@gmail.com',3,'',4,2),(1176,'2019-06-29 10:03:45.058102','15','Profile object (15)',2,'[{\"changed\": {\"fields\": [\"images\"]}}]',8,2),(1177,'2019-06-29 10:06:57.044173','15','Profile object (15)',2,'[{\"changed\": {\"fields\": [\"images\"]}}]',8,2),(1178,'2019-06-29 10:13:40.163266','31','girishvasmp@gmail.com',3,'',4,2),(1179,'2019-06-29 10:15:19.023739','32','girishvasmp@gmail.com',3,'',4,2),(1180,'2019-06-29 10:15:53.486276','33','girishvasmp@gmail.com',3,'',4,2),(1181,'2019-06-29 10:16:09.289337','34','girishvasmp@gmail.com',3,'',4,2),(1182,'2019-06-29 11:17:27.782081','35','vvwq@gmail.com',3,'',4,2),(1183,'2019-06-29 11:20:05.567946','37','fdewr@gmail.com',3,'',4,2),(1184,'2019-06-29 11:20:05.638243','36','vv1@gmail.com',3,'',4,2),(1185,'2019-06-29 11:20:05.679172','10','vv@gmail.com',3,'',4,2),(1186,'2019-06-29 11:20:52.304284','38','vv123@gmail.com',3,'',4,2),(1187,'2019-06-29 11:24:01.875690','39','vv21@gmail.com',3,'',4,2),(1188,'2019-06-29 11:25:54.869178','40','',3,'',4,2),(1189,'2019-06-29 11:26:08.497393','41','',3,'',4,2),(1190,'2019-06-29 11:42:11.327577','42','vv1@gmail.com',3,'',4,2),(1191,'2019-06-29 11:46:05.780572','43','vv@gmailasd.com',3,'',4,2),(1192,'2019-06-29 12:06:59.571650','44','sadasd@gmail.com',3,'',4,2),(1193,'2019-06-29 12:08:37.695839','46','sadasd@gmail.com',3,'',4,2),(1194,'2019-06-29 12:09:28.313818','47','sadasd@gmail.com',3,'',4,2),(1195,'2019-06-29 12:10:06.475482','48','sadasd@gmail.com',3,'',4,2),(1196,'2019-06-29 12:11:03.661984','49','sadasd@gmail.com',3,'',4,2),(1197,'2019-06-29 12:11:19.491715','50','sadasd@gmail.com',3,'',4,2),(1198,'2019-06-29 12:12:19.901934','51','vv@gama.com',3,'',4,2),(1199,'2019-06-29 12:12:52.363137','52','vv@gama.com',3,'',4,2),(1200,'2019-06-29 12:15:29.192021','54','vv@gama.com',3,'',4,2),(1201,'2019-06-29 12:21:21.598887','56','vsa@gnmail.com',3,'',4,2),(1202,'2019-06-29 12:23:33.895103','57','asd@gmail.com',3,'',4,2),(1203,'2019-06-29 12:24:36.199230','58','vs@gmail.com',3,'',4,2),(1204,'2019-06-29 12:25:34.884936','59','dsc@gmail.com',3,'',4,2),(1205,'2019-06-29 12:26:02.802399','60','dsc@gmail.com',3,'',4,2),(1206,'2019-06-29 12:26:53.364031','61','dsc@gmail.com',3,'',4,2),(1207,'2019-07-01 06:34:33.639952','1','SchoolType object (1)',1,'[{\"added\": {}}]',28,2),(1208,'2019-07-01 06:34:40.699041','2','SchoolType object (2)',1,'[{\"added\": {}}]',28,2),(1209,'2019-07-01 06:34:49.666510','3','SchoolType object (3)',1,'[{\"added\": {}}]',28,2),(1210,'2019-07-01 06:34:55.830608','4','SchoolType object (4)',1,'[{\"added\": {}}]',28,2),(1211,'2019-07-01 06:35:01.320084','5','SchoolType object (5)',1,'[{\"added\": {}}]',28,2),(1212,'2019-07-01 06:35:07.534533','6','SchoolType object (6)',1,'[{\"added\": {}}]',28,2),(1213,'2019-07-01 06:35:13.243639','7','SchoolType object (7)',1,'[{\"added\": {}}]',28,2),(1214,'2019-07-01 06:35:17.853772','8','SchoolType object (8)',1,'[{\"added\": {}}]',28,2),(1215,'2019-07-01 06:35:22.520002','9','SchoolType object (9)',1,'[{\"added\": {}}]',28,2),(1216,'2019-07-01 06:35:27.494298','10','SchoolType object (10)',1,'[{\"added\": {}}]',28,2),(1217,'2019-07-01 06:35:33.001811','11','SchoolType object (11)',1,'[{\"added\": {}}]',28,2),(1218,'2019-07-01 06:35:38.950403','12','SchoolType object (12)',1,'[{\"added\": {}}]',28,2),(1219,'2019-07-01 06:39:18.362947','4','School object (4)',3,'',27,2),(1220,'2019-07-01 06:39:18.421428','3','School object (3)',3,'',27,2),(1221,'2019-07-01 06:39:18.463130','2','School object (2)',3,'',27,2),(1222,'2019-07-01 06:39:18.505059','1','School object (1)',3,'',27,2),(1223,'2019-07-01 06:47:26.460095','7','School object (7)',3,'',27,2),(1224,'2019-07-01 06:47:26.535695','6','School object (6)',3,'',27,2),(1225,'2019-07-01 06:47:26.610749','5','School object (5)',3,'',27,2),(1226,'2019-07-01 06:52:01.455640','9','School object (9)',3,'',27,2),(1227,'2019-07-01 06:57:41.692985','8','School object (8)',2,'[{\"changed\": {\"fields\": [\"medium\"]}}]',27,2),(1228,'2019-07-01 06:59:04.399723','8','School object (8)',2,'[{\"changed\": {\"fields\": [\"website\"]}}]',27,2),(1229,'2019-07-01 11:11:09.633226','62','dsc@gmail.com',3,'',4,2),(1230,'2019-07-01 11:11:09.689077','63','subash@schoolserv.in',3,'',4,2),(1231,'2019-07-01 11:11:09.730770','17','vigneshtk@schoolservco.com',3,'',4,2),(1232,'2019-07-02 06:21:12.368957','65','vigneshtk@schoolserv.in',3,'',4,2),(1233,'2019-07-02 06:26:02.065154','66','vigneshtk@schoolserv.in',3,'',4,2),(1234,'2019-07-02 06:26:46.466201','67','vigneshtk@schoolserv.in',3,'',4,2),(1235,'2019-07-02 06:29:16.516154','68','vigneshtk@schoolserv.in',3,'',4,2),(1236,'2019-07-02 06:31:11.901477','69','vigneshtk@schoolserv.in',3,'',4,2),(1237,'2019-07-02 06:32:11.997911','70','vigneshtk@schoolserv.in',3,'',4,2),(1238,'2019-07-02 06:34:11.333657','71','vigneshtk@schoolserv.in',3,'',4,2),(1239,'2019-07-02 06:35:27.976021','72','vigneshtk@schoolserv.in',3,'',4,2),(1240,'2019-07-02 06:36:49.043122','73','vigneshtk@schoolserv.in',3,'',4,2),(1241,'2019-07-02 06:37:40.609035','74','vigneshtk@schoolserv.in',3,'',4,2),(1242,'2019-07-02 06:40:27.522076','75','vigneshtk@schoolserv.in',3,'',4,2),(1243,'2019-07-02 06:42:59.299671','76','vigneshtk@schoolserv.in',3,'',4,2),(1244,'2019-07-02 06:43:34.002945','77','vigneshtk@schoolserv.in',3,'',4,2),(1245,'2019-07-02 06:47:10.931845','78','vigneshtk@schoolserv.in',3,'',4,2),(1246,'2019-07-02 06:53:15.397275','79','vigneshtk@schoolserv.in',3,'',4,2),(1247,'2019-07-02 06:54:29.866924','80','vigneshtk@schoolserv.in',3,'',4,2),(1248,'2019-07-02 06:57:00.661498','81','vigneshtk@schoolserv.in',3,'',4,2),(1249,'2019-07-02 06:59:23.329031','82','vigneshtk@schoolserv.in',3,'',4,2),(1250,'2019-07-02 07:01:24.328152','83','vigneshtk@schoolserv.in',3,'',4,2),(1251,'2019-07-02 07:02:12.300612','84','vigneshtk@schoolserv.in',3,'',4,2),(1252,'2019-07-02 07:03:15.831665','85','vigneshtk@schoolserv.in',3,'',4,2),(1253,'2019-07-02 07:04:45.555469','86','vigneshtk@schoolserv.in',3,'',4,2),(1254,'2019-07-02 07:07:02.408977','87','vigneshtk@schoolserv.in',3,'',4,2),(1255,'2019-07-02 07:07:34.155093','88','vigneshtk@schoolserv.in',3,'',4,2),(1256,'2019-07-02 07:09:47.246903','89','vigneshtk@schoolserv.in',3,'',4,2),(1257,'2019-07-02 07:11:12.497434','90','vigneshtk@schoolserv.in',3,'',4,2),(1258,'2019-07-02 07:13:18.998378','91','vigneshtk@schoolserv.in',3,'',4,2),(1259,'2019-07-02 07:32:35.405713','64','subash@schoolserv.in',2,'[{\"changed\": {\"fields\": [\"password\"]}}]',4,2),(1260,'2019-07-03 08:37:51.089457','1','School object (1)',2,'[{\"changed\": {\"fields\": [\"website\", \"school_images\"]}}]',27,2),(1261,'2019-07-04 04:58:20.015569','1','School object (1)',2,'[{\"changed\": {\"fields\": [\"school_images\"]}}]',27,2),(1262,'2019-07-04 05:27:08.488523','1','School object (1)',2,'[{\"changed\": {\"fields\": [\"school_images\"]}}]',27,2),(1263,'2019-07-04 05:55:29.265425','1','School object (1)',2,'[{\"changed\": {\"fields\": [\"school_images\"]}}]',27,2),(1264,'2019-07-04 06:02:43.095991','1','School object (1)',2,'[{\"changed\": {\"fields\": [\"school_images\"]}}]',27,2),(1265,'2019-07-04 06:03:20.894415','1','School object (1)',2,'[{\"changed\": {\"fields\": [\"school_images\"]}}]',27,2),(1266,'2019-07-04 06:18:11.109774','93','vigneshtk@schoolserv.com',3,'',4,2),(1267,'2019-07-04 08:34:57.833301','1','SavedForms object (1)',3,'',14,2),(1268,'2019-07-04 08:37:48.709614','242','inquiries',3,'',20,2),(1269,'2019-07-04 08:37:48.819158','241','inquiries',3,'',20,2),(1270,'2019-07-04 08:42:46.833799','94','vigneshtk@schoolserv.com',3,'',4,2),(1271,'2019-07-04 08:42:46.894305','92','vigneshtk@schoolserv.in',3,'',4,2),(1272,'2019-07-04 08:42:59.516650','64','subash@schoolserv.in',2,'[{\"changed\": {\"fields\": [\"email\"]}}]',4,2),(1273,'2019-07-04 08:44:48.151401','64','subash@schoolserv.in',2,'[]',4,2),(1274,'2019-07-04 08:45:08.015390','64','vigneshtk@schoolserv.in',2,'[{\"changed\": {\"fields\": [\"username\"]}}]',4,2),(1275,'2019-07-04 08:46:42.834603','1','vignesh',2,'[{\"changed\": {\"fields\": [\"email_recipients\"]}}]',22,2),(1276,'2019-07-04 08:46:51.071288','1','vignesh',3,'',22,2),(1277,'2019-07-04 08:47:24.306056','243','inquiries',3,'',20,2),(1278,'2019-07-04 11:14:40.924235','4','SampleForms object (4)',3,'',15,2),(1279,'2019-07-04 11:14:40.991071','3','SampleForms object (3)',3,'',15,2),(1280,'2019-07-04 11:15:47.647949','7','SavedForms object (7)',3,'',14,2),(1281,'2019-07-04 11:15:47.726836','6','SavedForms object (6)',3,'',14,2),(1282,'2019-07-04 11:15:47.778125','5','SavedForms object (5)',3,'',14,2),(1283,'2019-07-04 11:15:47.819858','4','SavedForms object (4)',3,'',14,2),(1284,'2019-07-04 11:15:47.861867','3','SavedForms object (3)',3,'',14,2),(1285,'2019-07-04 11:15:47.936769','2','SavedForms object (2)',3,'',14,2),(1286,'2019-07-04 11:18:32.071495','8','SavedForms object (8)',3,'',14,2),(1287,'2019-07-04 11:32:31.227577','9','SavedForms object (9)',3,'',14,2),(1288,'2019-07-04 11:33:18.461690','10','SavedForms object (10)',2,'[{\"changed\": {\"fields\": [\"saved_form_details\"]}}]',14,2),(1289,'2019-07-04 11:33:30.452604','10','SavedForms object (10)',3,'',14,2),(1290,'2019-07-05 06:41:43.452703','14','SavedForms object (14)',3,'',14,2),(1291,'2019-07-05 06:41:43.784714','13','SavedForms object (13)',3,'',14,2),(1292,'2019-07-05 06:41:43.842543','12','SavedForms object (12)',3,'',14,2),(1293,'2019-07-05 06:41:43.884949','11','SavedForms object (11)',3,'',14,2),(1294,'2019-07-05 09:47:39.176274','99','ModulePermission object (99)',3,'',10,2),(1295,'2019-07-05 09:47:39.232776','98','ModulePermission object (98)',3,'',10,2),(1296,'2019-07-05 09:47:39.273504','97','ModulePermission object (97)',3,'',10,2),(1297,'2019-07-05 09:47:39.315768','96','ModulePermission object (96)',3,'',10,2),(1298,'2019-07-05 09:47:39.358252','95','ModulePermission object (95)',3,'',10,2),(1299,'2019-07-05 09:47:39.399227','94','ModulePermission object (94)',3,'',10,2),(1300,'2019-07-05 09:47:39.441581','93','ModulePermission object (93)',3,'',10,2),(1301,'2019-07-05 09:47:39.482867','92','ModulePermission object (92)',3,'',10,2),(1302,'2019-07-05 09:47:39.524876','91','ModulePermission object (91)',3,'',10,2),(1303,'2019-07-05 09:47:39.566623','90','ModulePermission object (90)',3,'',10,2),(1304,'2019-07-05 09:47:39.608326','89','ModulePermission object (89)',3,'',10,2),(1305,'2019-07-05 09:47:39.649900','88','ModulePermission object (88)',3,'',10,2),(1306,'2019-07-05 09:47:39.691638','87','ModulePermission object (87)',3,'',10,2),(1307,'2019-07-05 09:47:39.733468','86','ModulePermission object (86)',3,'',10,2),(1308,'2019-07-05 09:47:39.775326','85','ModulePermission object (85)',3,'',10,2),(1309,'2019-07-05 09:47:39.816989','84','ModulePermission object (84)',3,'',10,2),(1310,'2019-07-05 09:47:39.859157','83','ModulePermission object (83)',3,'',10,2),(1311,'2019-07-05 09:47:39.900834','82','ModulePermission object (82)',3,'',10,2),(1312,'2019-07-05 09:47:39.984004','81','ModulePermission object (81)',3,'',10,2),(1313,'2019-07-05 09:47:40.025991','80','ModulePermission object (80)',3,'',10,2),(1314,'2019-07-05 09:47:40.067353','79','ModulePermission object (79)',3,'',10,2),(1315,'2019-07-05 09:47:40.109055','78','ModulePermission object (78)',3,'',10,2),(1316,'2019-07-05 09:47:40.151287','77','ModulePermission object (77)',3,'',10,2),(1317,'2019-07-05 09:47:48.177572','24','Roles object (24)',3,'',9,2),(1318,'2019-07-05 09:47:58.519527','26','Roles object (26)',3,'',9,2),(1319,'2019-07-05 09:47:58.565420','25','Roles object (25)',3,'',9,2),(1320,'2019-07-05 09:50:15.480832','27','Roles object (27)',3,'',9,2),(1321,'2019-07-05 09:50:24.584879','120','ModulePermission object (120)',3,'',10,2),(1322,'2019-07-05 09:50:24.636523','119','ModulePermission object (119)',3,'',10,2),(1323,'2019-07-05 09:50:24.678490','118','ModulePermission object (118)',3,'',10,2),(1324,'2019-07-05 09:50:24.736781','117','ModulePermission object (117)',3,'',10,2),(1325,'2019-07-05 09:50:24.795414','116','ModulePermission object (116)',3,'',10,2),(1326,'2019-07-05 09:50:24.837415','115','ModulePermission object (115)',3,'',10,2),(1327,'2019-07-05 09:50:24.879078','114','ModulePermission object (114)',3,'',10,2),(1328,'2019-07-05 09:50:24.920891','113','ModulePermission object (113)',3,'',10,2),(1329,'2019-07-05 09:50:24.962235','112','ModulePermission object (112)',3,'',10,2),(1330,'2019-07-05 09:50:25.004100','111','ModulePermission object (111)',3,'',10,2),(1331,'2019-07-05 09:50:25.046232','110','ModulePermission object (110)',3,'',10,2),(1332,'2019-07-05 09:50:25.088000','109','ModulePermission object (109)',3,'',10,2),(1333,'2019-07-05 09:50:25.132059','108','ModulePermission object (108)',3,'',10,2),(1334,'2019-07-05 09:50:25.170891','107','ModulePermission object (107)',3,'',10,2),(1335,'2019-07-05 09:50:25.213058','106','ModulePermission object (106)',3,'',10,2),(1336,'2019-07-05 09:50:25.254884','105','ModulePermission object (105)',3,'',10,2),(1337,'2019-07-05 09:50:25.296585','104','ModulePermission object (104)',3,'',10,2),(1338,'2019-07-05 09:50:25.338340','103','ModulePermission object (103)',3,'',10,2),(1339,'2019-07-05 09:50:25.380415','102','ModulePermission object (102)',3,'',10,2),(1340,'2019-07-05 09:50:25.422122','101','ModulePermission object (101)',3,'',10,2),(1341,'2019-07-05 09:50:25.464006','100','ModulePermission object (100)',3,'',10,2),(1342,'2019-07-05 09:52:11.115366','29','Roles object (29)',3,'',9,2),(1343,'2019-07-05 09:52:11.167588','28','Roles object (28)',3,'',9,2),(1344,'2019-07-05 09:53:24.790711','162','ModulePermission object (162)',3,'',10,2),(1345,'2019-07-05 09:53:24.847324','161','ModulePermission object (161)',3,'',10,2),(1346,'2019-07-05 09:53:24.889217','160','ModulePermission object (160)',3,'',10,2),(1347,'2019-07-05 09:53:24.930695','159','ModulePermission object (159)',3,'',10,2),(1348,'2019-07-05 09:53:24.972945','158','ModulePermission object (158)',3,'',10,2),(1349,'2019-07-05 09:53:25.015199','157','ModulePermission object (157)',3,'',10,2),(1350,'2019-07-05 09:53:25.056435','156','ModulePermission object (156)',3,'',10,2),(1351,'2019-07-05 09:53:25.099528','155','ModulePermission object (155)',3,'',10,2),(1352,'2019-07-05 09:53:25.150050','154','ModulePermission object (154)',3,'',10,2),(1353,'2019-07-05 09:53:25.199829','153','ModulePermission object (153)',3,'',10,2),(1354,'2019-07-05 09:53:25.249766','152','ModulePermission object (152)',3,'',10,2),(1355,'2019-07-05 09:53:25.300069','151','ModulePermission object (151)',3,'',10,2),(1356,'2019-07-05 09:53:25.350055','150','ModulePermission object (150)',3,'',10,2),(1357,'2019-07-05 09:53:25.400055','149','ModulePermission object (149)',3,'',10,2),(1358,'2019-07-05 09:53:25.450577','148','ModulePermission object (148)',3,'',10,2),(1359,'2019-07-05 09:53:25.500336','147','ModulePermission object (147)',3,'',10,2),(1360,'2019-07-05 09:53:25.542169','146','ModulePermission object (146)',3,'',10,2),(1361,'2019-07-05 09:53:25.592127','145','ModulePermission object (145)',3,'',10,2),(1362,'2019-07-05 09:53:25.633735','144','ModulePermission object (144)',3,'',10,2),(1363,'2019-07-05 09:53:25.675131','143','ModulePermission object (143)',3,'',10,2),(1364,'2019-07-05 09:53:25.716986','142','ModulePermission object (142)',3,'',10,2),(1365,'2019-07-05 09:53:25.759501','141','ModulePermission object (141)',3,'',10,2),(1366,'2019-07-05 09:53:25.800971','140','ModulePermission object (140)',3,'',10,2),(1367,'2019-07-05 09:53:25.843297','139','ModulePermission object (139)',3,'',10,2),(1368,'2019-07-05 09:53:25.884528','138','ModulePermission object (138)',3,'',10,2),(1369,'2019-07-05 09:53:25.926107','137','ModulePermission object (137)',3,'',10,2),(1370,'2019-07-05 09:53:25.967706','136','ModulePermission object (136)',3,'',10,2),(1371,'2019-07-05 09:53:26.009470','135','ModulePermission object (135)',3,'',10,2),(1372,'2019-07-05 09:53:26.051535','134','ModulePermission object (134)',3,'',10,2),(1373,'2019-07-05 09:53:26.093222','133','ModulePermission object (133)',3,'',10,2),(1374,'2019-07-05 09:53:26.135299','132','ModulePermission object (132)',3,'',10,2),(1375,'2019-07-05 09:53:26.176515','131','ModulePermission object (131)',3,'',10,2),(1376,'2019-07-05 09:53:26.218689','130','ModulePermission object (130)',3,'',10,2),(1377,'2019-07-05 09:53:26.229306','162','ModulePermission object (162)',3,'',10,2),(1378,'2019-07-05 09:53:26.260095','129','ModulePermission object (129)',3,'',10,2),(1379,'2019-07-05 09:53:26.302338','161','ModulePermission object (161)',3,'',10,2),(1380,'2019-07-05 09:53:26.343827','128','ModulePermission object (128)',3,'',10,2),(1381,'2019-07-05 09:53:26.385849','160','ModulePermission object (160)',3,'',10,2),(1382,'2019-07-05 09:53:26.427153','127','ModulePermission object (127)',3,'',10,2),(1383,'2019-07-05 09:53:26.469375','159','ModulePermission object (159)',3,'',10,2),(1384,'2019-07-05 09:53:26.511118','126','ModulePermission object (126)',3,'',10,2),(1385,'2019-07-05 09:53:26.552886','158','ModulePermission object (158)',3,'',10,2),(1386,'2019-07-05 09:53:26.594860','125','ModulePermission object (125)',3,'',10,2),(1387,'2019-07-05 09:53:26.636045','157','ModulePermission object (157)',3,'',10,2),(1388,'2019-07-05 09:53:26.678397','124','ModulePermission object (124)',3,'',10,2),(1389,'2019-07-05 09:53:26.719451','156','ModulePermission object (156)',3,'',10,2),(1390,'2019-07-05 09:53:26.761320','123','ModulePermission object (123)',3,'',10,2),(1391,'2019-07-05 09:53:26.803481','155','ModulePermission object (155)',3,'',10,2),(1392,'2019-07-05 09:53:26.845408','122','ModulePermission object (122)',3,'',10,2),(1393,'2019-07-05 09:53:26.886955','154','ModulePermission object (154)',3,'',10,2),(1394,'2019-07-05 09:53:26.928871','121','ModulePermission object (121)',3,'',10,2),(1395,'2019-07-05 09:53:26.970897','153','ModulePermission object (153)',3,'',10,2),(1396,'2019-07-05 09:53:27.053502','152','ModulePermission object (152)',3,'',10,2),(1397,'2019-07-05 09:53:27.179362','151','ModulePermission object (151)',3,'',10,2),(1398,'2019-07-05 09:53:27.221018','150','ModulePermission object (150)',3,'',10,2),(1399,'2019-07-05 09:53:27.262533','149','ModulePermission object (149)',3,'',10,2),(1400,'2019-07-05 09:53:27.304568','148','ModulePermission object (148)',3,'',10,2),(1401,'2019-07-05 09:53:27.346031','147','ModulePermission object (147)',3,'',10,2),(1402,'2019-07-05 09:53:27.388026','146','ModulePermission object (146)',3,'',10,2),(1403,'2019-07-05 09:53:27.463209','145','ModulePermission object (145)',3,'',10,2),(1404,'2019-07-05 09:53:27.505159','144','ModulePermission object (144)',3,'',10,2),(1405,'2019-07-05 09:53:27.546976','143','ModulePermission object (143)',3,'',10,2),(1406,'2019-07-05 09:53:27.589168','142','ModulePermission object (142)',3,'',10,2),(1407,'2019-07-05 09:53:27.631084','141','ModulePermission object (141)',3,'',10,2),(1408,'2019-07-05 09:53:27.672155','140','ModulePermission object (140)',3,'',10,2),(1409,'2019-07-05 09:53:27.714275','139','ModulePermission object (139)',3,'',10,2),(1410,'2019-07-05 09:53:27.756068','138','ModulePermission object (138)',3,'',10,2),(1411,'2019-07-05 09:53:27.831468','137','ModulePermission object (137)',3,'',10,2),(1412,'2019-07-05 09:53:27.873294','136','ModulePermission object (136)',3,'',10,2),(1413,'2019-07-05 09:53:27.915126','135','ModulePermission object (135)',3,'',10,2),(1414,'2019-07-05 09:53:27.957048','134','ModulePermission object (134)',3,'',10,2),(1415,'2019-07-05 09:53:27.998511','133','ModulePermission object (133)',3,'',10,2),(1416,'2019-07-05 09:53:28.040123','132','ModulePermission object (132)',3,'',10,2),(1417,'2019-07-05 09:53:28.081627','131','ModulePermission object (131)',3,'',10,2),(1418,'2019-07-05 09:53:28.123856','130','ModulePermission object (130)',3,'',10,2),(1419,'2019-07-05 09:53:28.165604','129','ModulePermission object (129)',3,'',10,2),(1420,'2019-07-05 09:53:28.207137','128','ModulePermission object (128)',3,'',10,2),(1421,'2019-07-05 09:53:28.250243','127','ModulePermission object (127)',3,'',10,2),(1422,'2019-07-05 09:53:28.291922','126','ModulePermission object (126)',3,'',10,2),(1423,'2019-07-05 09:53:28.334040','125','ModulePermission object (125)',3,'',10,2),(1424,'2019-07-05 09:53:28.375660','124','ModulePermission object (124)',3,'',10,2),(1425,'2019-07-05 09:53:28.417329','123','ModulePermission object (123)',3,'',10,2),(1426,'2019-07-05 09:53:28.459122','122','ModulePermission object (122)',3,'',10,2),(1427,'2019-07-05 09:53:28.500614','121','ModulePermission object (121)',3,'',10,2),(1428,'2019-07-05 09:53:33.977179','30','Roles object (30)',3,'',9,2),(1429,'2019-07-05 09:54:51.263376','31','Roles object (31)',3,'',9,2),(1430,'2019-07-05 09:55:03.305856','183','ModulePermission object (183)',3,'',10,2),(1431,'2019-07-05 09:55:03.387406','182','ModulePermission object (182)',3,'',10,2),(1432,'2019-07-05 09:55:03.429084','181','ModulePermission object (181)',3,'',10,2),(1433,'2019-07-05 09:55:03.470899','180','ModulePermission object (180)',3,'',10,2),(1434,'2019-07-05 09:55:03.512019','179','ModulePermission object (179)',3,'',10,2),(1435,'2019-07-05 09:55:03.637752','178','ModulePermission object (178)',3,'',10,2),(1436,'2019-07-05 09:55:03.679859','177','ModulePermission object (177)',3,'',10,2),(1437,'2019-07-05 09:55:03.721257','176','ModulePermission object (176)',3,'',10,2),(1438,'2019-07-05 09:55:03.763194','175','ModulePermission object (175)',3,'',10,2),(1439,'2019-07-05 09:55:03.804932','174','ModulePermission object (174)',3,'',10,2),(1440,'2019-07-05 09:55:03.846422','173','ModulePermission object (173)',3,'',10,2),(1441,'2019-07-05 09:55:03.888418','172','ModulePermission object (172)',3,'',10,2),(1442,'2019-07-05 09:55:03.930219','171','ModulePermission object (171)',3,'',10,2),(1443,'2019-07-05 09:55:03.972152','170','ModulePermission object (170)',3,'',10,2),(1444,'2019-07-05 09:55:04.056732','169','ModulePermission object (169)',3,'',10,2),(1445,'2019-07-05 09:55:04.298717','168','ModulePermission object (168)',3,'',10,2),(1446,'2019-07-05 09:55:04.340708','167','ModulePermission object (167)',3,'',10,2),(1447,'2019-07-05 09:55:04.382575','166','ModulePermission object (166)',3,'',10,2),(1448,'2019-07-05 09:55:04.424294','165','ModulePermission object (165)',3,'',10,2),(1449,'2019-07-05 09:55:04.466175','164','ModulePermission object (164)',3,'',10,2),(1450,'2019-07-05 09:55:04.507884','163','ModulePermission object (163)',3,'',10,2),(1451,'2019-07-05 10:01:27.438492','32','Roles object (32)',3,'',9,2),(1452,'2019-07-05 10:01:37.661417','204','ModulePermission object (204)',3,'',10,2),(1453,'2019-07-05 10:01:37.706462','203','ModulePermission object (203)',3,'',10,2),(1454,'2019-07-05 10:01:37.748458','202','ModulePermission object (202)',3,'',10,2),(1455,'2019-07-05 10:01:37.790737','201','ModulePermission object (201)',3,'',10,2),(1456,'2019-07-05 10:01:37.833551','200','ModulePermission object (200)',3,'',10,2),(1457,'2019-07-05 10:01:37.875365','199','ModulePermission object (199)',3,'',10,2),(1458,'2019-07-05 10:01:37.917141','198','ModulePermission object (198)',3,'',10,2),(1459,'2019-07-05 10:01:37.958719','197','ModulePermission object (197)',3,'',10,2),(1460,'2019-07-05 10:01:38.000461','196','ModulePermission object (196)',3,'',10,2),(1461,'2019-07-05 10:01:38.042395','195','ModulePermission object (195)',3,'',10,2),(1462,'2019-07-05 10:01:38.092640','194','ModulePermission object (194)',3,'',10,2),(1463,'2019-07-05 10:01:38.142744','193','ModulePermission object (193)',3,'',10,2),(1464,'2019-07-05 10:01:38.192786','192','ModulePermission object (192)',3,'',10,2),(1465,'2019-07-05 10:01:38.242962','191','ModulePermission object (191)',3,'',10,2),(1466,'2019-07-05 10:01:38.292904','190','ModulePermission object (190)',3,'',10,2),(1467,'2019-07-05 10:01:38.343078','189','ModulePermission object (189)',3,'',10,2),(1468,'2019-07-05 10:01:38.393230','188','ModulePermission object (188)',3,'',10,2),(1469,'2019-07-05 10:01:38.443075','187','ModulePermission object (187)',3,'',10,2),(1470,'2019-07-05 10:01:38.493310','186','ModulePermission object (186)',3,'',10,2),(1471,'2019-07-05 10:01:38.543356','185','ModulePermission object (185)',3,'',10,2),(1472,'2019-07-05 10:01:38.593244','184','ModulePermission object (184)',3,'',10,2),(1473,'2019-07-05 10:03:45.265124','34','Roles object (34)',3,'',9,2),(1474,'2019-07-05 10:03:45.322406','33','Roles object (33)',3,'',9,2),(1475,'2019-07-05 10:03:53.870857','250','ModulePermission object (250)',3,'',10,2),(1476,'2019-07-05 10:03:53.926258','249','ModulePermission object (249)',3,'',10,2),(1477,'2019-07-05 10:03:53.968492','248','ModulePermission object (248)',3,'',10,2),(1478,'2019-07-05 10:03:54.009606','247','ModulePermission object (247)',3,'',10,2),(1479,'2019-07-05 10:03:54.051317','246','ModulePermission object (246)',3,'',10,2),(1480,'2019-07-05 10:03:54.093175','245','ModulePermission object (245)',3,'',10,2),(1481,'2019-07-05 10:03:54.134736','244','ModulePermission object (244)',3,'',10,2),(1482,'2019-07-05 10:03:54.176799','243','ModulePermission object (243)',3,'',10,2),(1483,'2019-07-05 10:03:54.218130','242','ModulePermission object (242)',3,'',10,2),(1484,'2019-07-05 10:03:54.260352','241','ModulePermission object (241)',3,'',10,2),(1485,'2019-07-05 10:03:54.302256','240','ModulePermission object (240)',3,'',10,2),(1486,'2019-07-05 10:03:54.344079','239','ModulePermission object (239)',3,'',10,2),(1487,'2019-07-05 10:03:54.385755','238','ModulePermission object (238)',3,'',10,2),(1488,'2019-07-05 10:03:54.427143','237','ModulePermission object (237)',3,'',10,2),(1489,'2019-07-05 10:03:54.468992','236','ModulePermission object (236)',3,'',10,2),(1490,'2019-07-05 10:03:54.510695','235','ModulePermission object (235)',3,'',10,2),(1491,'2019-07-05 10:03:54.552162','234','ModulePermission object (234)',3,'',10,2),(1492,'2019-07-05 10:03:54.594290','233','ModulePermission object (233)',3,'',10,2),(1493,'2019-07-05 10:03:54.636171','232','ModulePermission object (232)',3,'',10,2),(1494,'2019-07-05 10:03:54.677782','231','ModulePermission object (231)',3,'',10,2),(1495,'2019-07-05 10:03:54.719848','230','ModulePermission object (230)',3,'',10,2),(1496,'2019-07-05 10:03:54.761668','229','ModulePermission object (229)',3,'',10,2),(1497,'2019-07-05 10:03:54.836788','228','ModulePermission object (228)',3,'',10,2),(1498,'2019-07-05 10:03:54.878564','227','ModulePermission object (227)',3,'',10,2),(1499,'2019-07-05 10:03:54.920099','226','ModulePermission object (226)',3,'',10,2),(1500,'2019-07-05 10:03:54.962043','225','ModulePermission object (225)',3,'',10,2),(1501,'2019-07-05 10:03:55.003768','224','ModulePermission object (224)',3,'',10,2),(1502,'2019-07-05 10:03:55.045751','223','ModulePermission object (223)',3,'',10,2),(1503,'2019-07-05 10:03:55.126169','222','ModulePermission object (222)',3,'',10,2),(1504,'2019-07-05 10:03:55.204324','221','ModulePermission object (221)',3,'',10,2),(1505,'2019-07-05 10:03:55.253856','220','ModulePermission object (220)',3,'',10,2),(1506,'2019-07-05 10:03:55.304242','219','ModulePermission object (219)',3,'',10,2),(1507,'2019-07-05 10:03:55.354538','218','ModulePermission object (218)',3,'',10,2),(1508,'2019-07-05 10:03:55.404734','217','ModulePermission object (217)',3,'',10,2),(1509,'2019-07-05 10:03:55.454560','216','ModulePermission object (216)',3,'',10,2),(1510,'2019-07-05 10:03:55.505202','215','ModulePermission object (215)',3,'',10,2),(1511,'2019-07-05 10:03:55.555011','214','ModulePermission object (214)',3,'',10,2),(1512,'2019-07-05 10:03:55.596441','213','ModulePermission object (213)',3,'',10,2),(1513,'2019-07-05 10:03:55.638239','212','ModulePermission object (212)',3,'',10,2),(1514,'2019-07-05 10:03:55.680097','211','ModulePermission object (211)',3,'',10,2),(1515,'2019-07-05 10:03:55.722426','210','ModulePermission object (210)',3,'',10,2),(1516,'2019-07-05 10:03:55.763698','209','ModulePermission object (209)',3,'',10,2),(1517,'2019-07-05 10:03:55.805914','208','ModulePermission object (208)',3,'',10,2),(1518,'2019-07-05 10:03:55.847190','207','ModulePermission object (207)',3,'',10,2),(1519,'2019-07-05 10:03:55.889473','206','ModulePermission object (206)',3,'',10,2),(1520,'2019-07-05 10:03:55.930831','205','ModulePermission object (205)',3,'',10,2),(1521,'2019-07-05 10:10:05.757685','37','Roles object (37)',3,'',9,2),(1522,'2019-07-05 10:10:05.833232','36','Roles object (36)',3,'',9,2),(1523,'2019-07-05 10:10:05.895196','35','Roles object (35)',3,'',9,2),(1524,'2019-07-05 10:10:17.050460','319','ModulePermission object (319)',3,'',10,2),(1525,'2019-07-05 10:10:17.106722','318','ModulePermission object (318)',3,'',10,2),(1526,'2019-07-05 10:10:17.148380','317','ModulePermission object (317)',3,'',10,2),(1527,'2019-07-05 10:10:17.190468','316','ModulePermission object (316)',3,'',10,2),(1528,'2019-07-05 10:10:17.232616','315','ModulePermission object (315)',3,'',10,2),(1529,'2019-07-05 10:10:17.273810','314','ModulePermission object (314)',3,'',10,2),(1530,'2019-07-05 10:10:17.315868','313','ModulePermission object (313)',3,'',10,2),(1531,'2019-07-05 10:10:17.357453','312','ModulePermission object (312)',3,'',10,2),(1532,'2019-07-05 10:10:17.398935','311','ModulePermission object (311)',3,'',10,2),(1533,'2019-07-05 10:10:17.440635','310','ModulePermission object (310)',3,'',10,2),(1534,'2019-07-05 10:10:17.482655','309','ModulePermission object (309)',3,'',10,2),(1535,'2019-07-05 10:10:17.524468','308','ModulePermission object (308)',3,'',10,2),(1536,'2019-07-05 10:10:17.566303','307','ModulePermission object (307)',3,'',10,2),(1537,'2019-07-05 10:10:17.608037','306','ModulePermission object (306)',3,'',10,2),(1538,'2019-07-05 10:10:17.649841','305','ModulePermission object (305)',3,'',10,2),(1539,'2019-07-05 10:10:17.692980','304','ModulePermission object (304)',3,'',10,2),(1540,'2019-07-05 10:10:17.734934','303','ModulePermission object (303)',3,'',10,2),(1541,'2019-07-05 10:10:17.776493','302','ModulePermission object (302)',3,'',10,2),(1542,'2019-07-05 10:10:17.818408','301','ModulePermission object (301)',3,'',10,2),(1543,'2019-07-05 10:10:17.860036','300','ModulePermission object (300)',3,'',10,2),(1544,'2019-07-05 10:10:17.901693','299','ModulePermission object (299)',3,'',10,2),(1545,'2019-07-05 10:10:17.943637','298','ModulePermission object (298)',3,'',10,2),(1546,'2019-07-05 10:10:17.985436','297','ModulePermission object (297)',3,'',10,2),(1547,'2019-07-05 10:10:18.027206','296','ModulePermission object (296)',3,'',10,2),(1548,'2019-07-05 10:10:18.077223','295','ModulePermission object (295)',3,'',10,2),(1549,'2019-07-05 10:10:18.127617','294','ModulePermission object (294)',3,'',10,2),(1550,'2019-07-05 10:10:18.176990','293','ModulePermission object (293)',3,'',10,2),(1551,'2019-07-05 10:10:18.286305','292','ModulePermission object (292)',3,'',10,2),(1552,'2019-07-05 10:10:18.336132','291','ModulePermission object (291)',3,'',10,2),(1553,'2019-07-05 10:10:18.419737','290','ModulePermission object (290)',3,'',10,2),(1554,'2019-07-05 10:10:18.470348','289','ModulePermission object (289)',3,'',10,2),(1555,'2019-07-05 10:10:18.512207','288','ModulePermission object (288)',3,'',10,2),(1556,'2019-07-05 10:10:18.553839','287','ModulePermission object (287)',3,'',10,2),(1557,'2019-07-05 10:10:18.595636','286','ModulePermission object (286)',3,'',10,2),(1558,'2019-07-05 10:10:18.637379','285','ModulePermission object (285)',3,'',10,2),(1559,'2019-07-05 10:10:18.678992','284','ModulePermission object (284)',3,'',10,2),(1560,'2019-07-05 10:10:18.721022','283','ModulePermission object (283)',3,'',10,2),(1561,'2019-07-05 10:10:18.762764','282','ModulePermission object (282)',3,'',10,2),(1562,'2019-07-05 10:10:18.804573','281','ModulePermission object (281)',3,'',10,2),(1563,'2019-07-05 10:10:18.846202','280','ModulePermission object (280)',3,'',10,2),(1564,'2019-07-05 10:10:18.887822','279','ModulePermission object (279)',3,'',10,2),(1565,'2019-07-05 10:10:18.929836','278','ModulePermission object (278)',3,'',10,2),(1566,'2019-07-05 10:10:18.971317','277','ModulePermission object (277)',3,'',10,2),(1567,'2019-07-05 10:10:19.013142','276','ModulePermission object (276)',3,'',10,2),(1568,'2019-07-05 10:10:19.054828','275','ModulePermission object (275)',3,'',10,2),(1569,'2019-07-05 10:10:19.096868','274','ModulePermission object (274)',3,'',10,2),(1570,'2019-07-05 10:10:19.138350','273','ModulePermission object (273)',3,'',10,2),(1571,'2019-07-05 10:10:19.180719','272','ModulePermission object (272)',3,'',10,2),(1572,'2019-07-05 10:10:19.221967','271','ModulePermission object (271)',3,'',10,2),(1573,'2019-07-05 10:10:19.263637','270','ModulePermission object (270)',3,'',10,2),(1574,'2019-07-05 10:10:19.305315','269','ModulePermission object (269)',3,'',10,2),(1575,'2019-07-05 10:10:19.347483','268','ModulePermission object (268)',3,'',10,2),(1576,'2019-07-05 10:10:19.389157','267','ModulePermission object (267)',3,'',10,2),(1577,'2019-07-05 10:10:19.431229','266','ModulePermission object (266)',3,'',10,2),(1578,'2019-07-05 10:10:19.472610','265','ModulePermission object (265)',3,'',10,2),(1579,'2019-07-05 10:10:19.515288','264','ModulePermission object (264)',3,'',10,2),(1580,'2019-07-05 10:10:19.556174','263','ModulePermission object (263)',3,'',10,2),(1581,'2019-07-05 10:10:19.597997','262','ModulePermission object (262)',3,'',10,2),(1582,'2019-07-05 10:10:19.639637','261','ModulePermission object (261)',3,'',10,2),(1583,'2019-07-05 10:10:19.681518','260','ModulePermission object (260)',3,'',10,2),(1584,'2019-07-05 10:10:19.723042','259','ModulePermission object (259)',3,'',10,2),(1585,'2019-07-05 10:10:19.765005','258','ModulePermission object (258)',3,'',10,2),(1586,'2019-07-05 10:10:19.807089','257','ModulePermission object (257)',3,'',10,2),(1587,'2019-07-05 10:10:19.848354','256','ModulePermission object (256)',3,'',10,2),(1588,'2019-07-05 10:10:19.890188','255','ModulePermission object (255)',3,'',10,2),(1589,'2019-07-05 10:10:19.932109','254','ModulePermission object (254)',3,'',10,2),(1590,'2019-07-05 10:10:19.974027','253','ModulePermission object (253)',3,'',10,2),(1591,'2019-07-05 10:10:20.015997','252','ModulePermission object (252)',3,'',10,2),(1592,'2019-07-05 10:10:20.057485','251','ModulePermission object (251)',3,'',10,2),(1593,'2019-07-05 10:30:53.350032','342','ModulePermission object (342)',3,'',10,2),(1594,'2019-07-05 10:30:53.402176','341','ModulePermission object (341)',3,'',10,2),(1595,'2019-07-05 10:30:53.451884','340','ModulePermission object (340)',3,'',10,2),(1596,'2019-07-05 10:30:53.587132','339','ModulePermission object (339)',3,'',10,2),(1597,'2019-07-05 10:30:53.629156','338','ModulePermission object (338)',3,'',10,2),(1598,'2019-07-05 10:30:53.670854','337','ModulePermission object (337)',3,'',10,2),(1599,'2019-07-05 10:30:53.712252','336','ModulePermission object (336)',3,'',10,2),(1600,'2019-07-05 10:30:53.754313','335','ModulePermission object (335)',3,'',10,2),(1601,'2019-07-05 10:30:53.795938','334','ModulePermission object (334)',3,'',10,2),(1602,'2019-07-05 10:30:53.837862','333','ModulePermission object (333)',3,'',10,2),(1603,'2019-07-05 10:30:53.879592','332','ModulePermission object (332)',3,'',10,2),(1604,'2019-07-05 10:30:53.921388','331','ModulePermission object (331)',3,'',10,2),(1605,'2019-07-05 10:30:53.963406','330','ModulePermission object (330)',3,'',10,2),(1606,'2019-07-05 10:30:54.004887','329','ModulePermission object (329)',3,'',10,2),(1607,'2019-07-05 10:30:54.046536','328','ModulePermission object (328)',3,'',10,2),(1608,'2019-07-05 10:30:54.088630','327','ModulePermission object (327)',3,'',10,2),(1609,'2019-07-05 10:30:54.129700','326','ModulePermission object (326)',3,'',10,2),(1610,'2019-07-05 10:30:54.171575','325','ModulePermission object (325)',3,'',10,2),(1611,'2019-07-05 10:30:54.255704','324','ModulePermission object (324)',3,'',10,2),(1612,'2019-07-05 10:30:54.297511','323','ModulePermission object (323)',3,'',10,2),(1613,'2019-07-05 10:30:54.339390','322','ModulePermission object (322)',3,'',10,2),(1614,'2019-07-05 10:30:54.381032','321','ModulePermission object (321)',3,'',10,2),(1615,'2019-07-05 10:30:54.422889','320','ModulePermission object (320)',3,'',10,2),(1616,'2019-07-05 10:31:07.684729','38','Roles object (38)',3,'',9,2);
/*!40000 ALTER TABLE `django_admin_log` ENABLE KEYS */;
UNLOCK TABLES;

--
-- Table structure for table `django_content_type`
--

DROP TABLE IF EXISTS `django_content_type`;
/*!40101 SET @saved_cs_client     = @@character_set_client */;
/*!40101 SET character_set_client = utf8 */;
CREATE TABLE `django_content_type` (
  `id` int(11) NOT NULL AUTO_INCREMENT,
  `app_label` varchar(100) NOT NULL,
  `model` varchar(100) NOT NULL,
  PRIMARY KEY (`id`),
  UNIQUE KEY `django_content_type_app_label_model_76bd3d3b_uniq` (`app_label`,`model`)
) ENGINE=InnoDB AUTO_INCREMENT=29 DEFAULT CHARSET=latin1;
/*!40101 SET character_set_client = @saved_cs_client */;

--
-- Dumping data for table `django_content_type`
--

LOCK TABLES `django_content_type` WRITE;
/*!40000 ALTER TABLE `django_content_type` DISABLE KEYS */;
INSERT INTO `django_content_type` VALUES (26,'accounts','featurespermission'),(7,'accounts','module'),(10,'accounts','modulepermission'),(8,'accounts','profile'),(9,'accounts','roles'),(27,'accounts','school'),(28,'accounts','schooltype'),(1,'admin','logentry'),(3,'auth','group'),(2,'auth','permission'),(4,'auth','user'),(5,'contenttypes','contenttype'),(11,'dynamicforms','dynamicforms'),(12,'dynamicforms','savedforms'),(13,'module','dynamicforms'),(15,'module','sampleforms'),(14,'module','savedforms'),(6,'sessions','session'),(20,'workflow','createrule'),(16,'workflow','dynamicformoutput'),(22,'workflow','emailnotification'),(23,'workflow','emailschedulereport'),(25,'workflow','emailtemplate'),(24,'workflow','scheduledemaillist'),(17,'workflow','workflow'),(19,'workflow','workflowcondition'),(21,'workflow','workflowleads'),(18,'workflow','workflowwhen');
/*!40000 ALTER TABLE `django_content_type` ENABLE KEYS */;
UNLOCK TABLES;

--
-- Table structure for table `django_migrations`
--

DROP TABLE IF EXISTS `django_migrations`;
/*!40101 SET @saved_cs_client     = @@character_set_client */;
/*!40101 SET character_set_client = utf8 */;
CREATE TABLE `django_migrations` (
  `id` int(11) NOT NULL AUTO_INCREMENT,
  `app` varchar(255) NOT NULL,
  `name` varchar(255) NOT NULL,
  `applied` datetime(6) NOT NULL,
  PRIMARY KEY (`id`)
) ENGINE=InnoDB AUTO_INCREMENT=70 DEFAULT CHARSET=latin1;
/*!40101 SET character_set_client = @saved_cs_client */;

--
-- Dumping data for table `django_migrations`
--

LOCK TABLES `django_migrations` WRITE;
/*!40000 ALTER TABLE `django_migrations` DISABLE KEYS */;
INSERT INTO `django_migrations` VALUES (1,'contenttypes','0001_initial','2019-05-29 12:45:22.982145'),(2,'auth','0001_initial','2019-05-29 12:45:25.899445'),(3,'accounts','0001_initial','2019-05-29 12:45:34.867131'),(4,'admin','0001_initial','2019-05-29 12:45:38.679603'),(5,'admin','0002_logentry_remove_auto_add','2019-05-29 12:45:40.738371'),(6,'admin','0003_logentry_add_action_flag_choices','2019-05-29 12:45:40.794684'),(7,'contenttypes','0002_remove_content_type_name','2019-05-29 12:45:42.137459'),(8,'auth','0002_alter_permission_name_max_length','2019-05-29 12:45:42.271661'),(9,'auth','0003_alter_user_email_max_length','2019-05-29 12:45:42.403654'),(10,'auth','0004_alter_user_username_opts','2019-05-29 12:45:42.461793'),(11,'auth','0005_alter_user_last_login_null','2019-05-29 12:45:43.091670'),(12,'auth','0006_require_contenttypes_0002','2019-05-29 12:45:43.132905'),(13,'auth','0007_alter_validators_add_error_messages','2019-05-29 12:45:43.193410'),(14,'auth','0008_alter_user_username_max_length','2019-05-29 12:45:43.327926'),(15,'auth','0009_alter_user_last_name_max_length','2019-05-29 12:45:43.468151'),(16,'auth','0010_alter_group_name_max_length','2019-05-29 12:45:43.596230'),(17,'auth','0011_update_proxy_permissions','2019-05-29 12:45:43.657867'),(18,'auth','0012_auto_20190521_1015','2019-05-29 12:45:43.954920'),(19,'dynamicforms','0001_initial','2019-05-29 12:45:44.609418'),(20,'sessions','0001_initial','2019-05-29 12:45:45.818810'),(25,'module','0001_initial','2019-06-11 07:36:53.747892'),(26,'module','0002_sampleforms','2019-06-11 09:24:37.792637'),(27,'workflow','0001_initial','2019-06-12 10:01:40.136749'),(28,'workflow','0002_auto_20190612_1132','2019-06-12 11:32:56.306625'),(29,'workflow','0003_remove_createrule_form_id','2019-06-12 11:55:33.322405'),(30,'workflow','0004_auto_20190612_1222','2019-06-12 12:22:31.607785'),(31,'workflow','0005_auto_20190612_1227','2019-06-12 12:27:45.782215'),(32,'workflow','0006_auto_20190612_1228','2019-06-12 12:28:30.027863'),(33,'workflow','0007_auto_20190612_1229','2019-06-12 12:29:35.867568'),(34,'workflow','0008_createrule_dynamicforms','2019-06-13 06:17:18.276805'),(35,'workflow','0009_createrule_created_on','2019-06-13 08:38:04.121066'),(36,'workflow','0010_auto_20190613_0934','2019-06-13 09:34:41.346668'),(37,'workflow','0011_auto_20190613_0942','2019-06-13 09:42:11.647680'),(38,'workflow','0012_auto_20190613_1241','2019-06-13 12:41:46.359915'),(39,'workflow','0013_workflowcondition_revision','2019-06-13 12:55:24.398164'),(40,'workflow','0014_workflowcondition_module','2019-06-14 04:55:36.676765'),(41,'workflow','0015_workflowwhen_workflowcondition','2019-06-14 05:14:51.010615'),(42,'workflow','0016_remove_workflowwhen_workflowcondition','2019-06-14 05:23:22.666976'),(43,'workflow','0017_auto_20190614_0709','2019-06-14 07:09:34.286156'),(44,'workflow','0018_auto_20190614_0727','2019-06-14 07:27:43.665701'),(45,'workflow','0019_auto_20190614_0728','2019-06-14 07:28:06.691603'),(46,'module','0003_savedforms_status_wrkflw','2019-06-14 11:22:01.336055'),(47,'workflow','0020_emailnotification','2019-06-17 05:48:32.561996'),(48,'workflow','0021_emailschedulereport','2019-06-17 09:21:52.632466'),(49,'workflow','0022_scheduledemaillist','2019-06-17 11:26:04.714089'),(50,'module','0004_savedforms_created_on','2019-06-18 05:22:23.676076'),(51,'workflow','0023_emailtemplate','2019-06-18 06:27:52.875273'),(52,'workflow','0024_auto_20190618_0636','2019-06-18 06:36:56.650616'),(53,'workflow','0025_auto_20190618_0645','2019-06-18 06:45:56.179453'),(54,'workflow','0026_auto_20190618_0954','2019-06-18 09:54:25.160564'),(55,'accounts','0002_featurespermission','2019-06-29 06:13:53.768751'),(56,'accounts','0003_auto_20190629_0701','2019-06-29 07:01:36.535662'),(57,'accounts','0004_auto_20190629_0736','2019-06-29 07:37:02.820027'),(58,'accounts','0005_auto_20190629_0912','2019-06-29 09:12:40.395867'),(59,'accounts','0006_profile_active','2019-06-29 09:14:32.971902'),(60,'accounts','0007_auto_20190629_0919','2019-06-29 09:19:13.357781'),(61,'accounts','0008_auto_20190629_0955','2019-06-29 09:55:43.050373'),(62,'accounts','0009_profile_images','2019-06-29 10:03:01.377584'),(63,'accounts','0010_school','2019-06-29 11:05:38.757633'),(64,'accounts','0011_auto_20190701_0611','2019-07-01 06:11:21.671351'),(65,'accounts','0012_auto_20190701_0628','2019-07-01 06:28:19.130589'),(66,'accounts','0013_auto_20190701_1121','2019-07-01 11:21:20.665626'),(67,'accounts','0014_auto_20190704_0727','2019-07-04 07:27:36.612141'),(68,'accounts','0015_auto_20190704_0728','2019-07-04 07:28:08.860594'),(69,'accounts','0016_auto_20190705_1053','2019-07-05 10:53:59.899420');
/*!40000 ALTER TABLE `django_migrations` ENABLE KEYS */;
UNLOCK TABLES;

--
-- Table structure for table `django_session`
--

DROP TABLE IF EXISTS `django_session`;
/*!40101 SET @saved_cs_client     = @@character_set_client */;
/*!40101 SET character_set_client = utf8 */;
CREATE TABLE `django_session` (
  `session_key` varchar(40) NOT NULL,
  `session_data` longtext NOT NULL,
  `expire_date` datetime(6) NOT NULL,
  PRIMARY KEY (`session_key`),
  KEY `django_session_expire_date_a5c62663` (`expire_date`)
) ENGINE=InnoDB DEFAULT CHARSET=latin1;
/*!40101 SET character_set_client = @saved_cs_client */;

--
-- Dumping data for table `django_session`
--

LOCK TABLES `django_session` WRITE;
/*!40000 ALTER TABLE `django_session` DISABLE KEYS */;
INSERT INTO `django_session` VALUES ('14vch8e4h00xx2v4c0jcqtpog5jyw65r','NGUxZmYwNjA3MjVlNjQxZDg3ZDI1OTdlYjM5NGM0MWZiNTMwNmU3Mzp7fQ==','2019-07-16 07:02:26.996294'),('1l965searyae0w4yckr3u2osfx2d1zjg','NGUxZmYwNjA3MjVlNjQxZDg3ZDI1OTdlYjM5NGM0MWZiNTMwNmU3Mzp7fQ==','2019-07-13 12:11:06.544246'),('1nlkio1n8uyumh6y7i91arlrxy74mtpe','NGUxZmYwNjA3MjVlNjQxZDg3ZDI1OTdlYjM5NGM0MWZiNTMwNmU3Mzp7fQ==','2019-07-13 12:24:53.141243'),('2py3p6314yj4tjiws6subf0qhy5cjsze','NGUxZmYwNjA3MjVlNjQxZDg3ZDI1OTdlYjM5NGM0MWZiNTMwNmU3Mzp7fQ==','2019-07-16 06:21:48.211014'),('3pb1yry6furqum4nwx7er0wdc244cmvf','NGUxZmYwNjA3MjVlNjQxZDg3ZDI1OTdlYjM5NGM0MWZiNTMwNmU3Mzp7fQ==','2019-07-16 06:26:05.443856'),('3rju6blys0mgb9g4ptdlgkmqq9wd1kx4','ODBhNWI5NWY0ODQ4Zjk5OGNiYzgzY2I2OWQzY2U1N2Y1ODE4MzJiZjp7Il9hdXRoX3VzZXJfaWQiOiIyIiwiX2F1dGhfdXNlcl9iYWNrZW5kIjoiZGphbmdvLmNvbnRyaWIuYXV0aC5iYWNrZW5kcy5Nb2RlbEJhY2tlbmQiLCJfYXV0aF91c2VyX2hhc2giOiI3M2VlNjRkMjE1ZGM1Y2ZiZjE0MDA4MTUwYWUxN2Y0OTkxOTU2OGZjIn0=','2019-07-19 06:36:08.617120'),('49ttaqqse07puqperjcafoeg7vt41j5i','ODBhNWI5NWY0ODQ4Zjk5OGNiYzgzY2I2OWQzY2U1N2Y1ODE4MzJiZjp7Il9hdXRoX3VzZXJfaWQiOiIyIiwiX2F1dGhfdXNlcl9iYWNrZW5kIjoiZGphbmdvLmNvbnRyaWIuYXV0aC5iYWNrZW5kcy5Nb2RlbEJhY2tlbmQiLCJfYXV0aF91c2VyX2hhc2giOiI3M2VlNjRkMjE1ZGM1Y2ZiZjE0MDA4MTUwYWUxN2Y0OTkxOTU2OGZjIn0=','2019-07-18 04:17:52.652384'),('6ifjktt4w2edmzjnrnbq2fa0gmaq44sh','NDcyMzM5NTdhYjRjZDY3MTI1NmFiOTZjODY5YjAyMzA0NTg0NTg1NTp7Il9hdXRoX3VzZXJfaWQiOiI2NSIsIl9hdXRoX3VzZXJfYmFja2VuZCI6ImRqYW5nby5jb250cmliLmF1dGguYmFja2VuZHMuTW9kZWxCYWNrZW5kIiwiX2F1dGhfdXNlcl9oYXNoIjoiYTdmN2JiYTNmNTlmZDlkMTk3OWIyYmNjNzk4YzkyYWM4ZTMxYjVhNSJ9','2019-07-15 11:15:59.290515'),('6sdygf426xc8jjypnxqo3m62qgxjpcn6','ODdkZGQzZjhiNTE4NTBmNGQzZDY3MjBiNWNlMjczZTY4ZGI2OWI3Njp7Il9hdXRoX3VzZXJfaWQiOiIxIiwiX2F1dGhfdXNlcl9iYWNrZW5kIjoiZGphbmdvLmNvbnRyaWIuYXV0aC5iYWNrZW5kcy5Nb2RlbEJhY2tlbmQiLCJfYXV0aF91c2VyX2hhc2giOiJhNWY2MDg2N2ZhOTQwNDAyNzk1NzE2YzE1MWJlN2ExMDliMGEyMjEwIn0=','2019-07-03 05:05:16.366923'),('7otwet3fr2er2cnhjacbwpab28kevncf','ODBhNWI5NWY0ODQ4Zjk5OGNiYzgzY2I2OWQzY2U1N2Y1ODE4MzJiZjp7Il9hdXRoX3VzZXJfaWQiOiIyIiwiX2F1dGhfdXNlcl9iYWNrZW5kIjoiZGphbmdvLmNvbnRyaWIuYXV0aC5iYWNrZW5kcy5Nb2RlbEJhY2tlbmQiLCJfYXV0aF91c2VyX2hhc2giOiI3M2VlNjRkMjE1ZGM1Y2ZiZjE0MDA4MTUwYWUxN2Y0OTkxOTU2OGZjIn0=','2019-06-26 12:22:47.995546'),('8j4m96q8c82tu1o6tx1a4fve68lve5ox','NGUxZmYwNjA3MjVlNjQxZDg3ZDI1OTdlYjM5NGM0MWZiNTMwNmU3Mzp7fQ==','2019-07-16 07:07:14.435111'),('8tpexq603mhy2c1ogmur6foegy8mser0','ODBhNWI5NWY0ODQ4Zjk5OGNiYzgzY2I2OWQzY2U1N2Y1ODE4MzJiZjp7Il9hdXRoX3VzZXJfaWQiOiIyIiwiX2F1dGhfdXNlcl9iYWNrZW5kIjoiZGphbmdvLmNvbnRyaWIuYXV0aC5iYWNrZW5kcy5Nb2RlbEJhY2tlbmQiLCJfYXV0aF91c2VyX2hhc2giOiI3M2VlNjRkMjE1ZGM1Y2ZiZjE0MDA4MTUwYWUxN2Y0OTkxOTU2OGZjIn0=','2019-06-24 05:58:17.565714'),('95rpk50mbqe3c2v978k3f8b3hjfr4k1u','Nzk5ZjYyZDJlN2Y0ZGNkZjNjNTQ5YmJmYzk3ODUyYjE0MWViMWM2Mzp7Il9hdXRoX3VzZXJfaWQiOiI2NCIsIl9hdXRoX3VzZXJfYmFja2VuZCI6ImRqYW5nby5jb250cmliLmF1dGguYmFja2VuZHMuTW9kZWxCYWNrZW5kIiwiX2F1dGhfdXNlcl9oYXNoIjoiYjY5MWRlNmI2M2E2M2UyYzVhOTU2MjNmNWEwMzVhNzA4ZmU3ZWYyNyJ9','2019-07-15 11:13:54.611669'),('98uxkgpt5e2wne80qtdrp0libfz10tyr','ODBhNWI5NWY0ODQ4Zjk5OGNiYzgzY2I2OWQzY2U1N2Y1ODE4MzJiZjp7Il9hdXRoX3VzZXJfaWQiOiIyIiwiX2F1dGhfdXNlcl9iYWNrZW5kIjoiZGphbmdvLmNvbnRyaWIuYXV0aC5iYWNrZW5kcy5Nb2RlbEJhY2tlbmQiLCJfYXV0aF91c2VyX2hhc2giOiI3M2VlNjRkMjE1ZGM1Y2ZiZjE0MDA4MTUwYWUxN2Y0OTkxOTU2OGZjIn0=','2019-07-12 07:19:59.557998'),('9ar89b5hgtgf6zsn25felt3g18b32f5g','ODBhNWI5NWY0ODQ4Zjk5OGNiYzgzY2I2OWQzY2U1N2Y1ODE4MzJiZjp7Il9hdXRoX3VzZXJfaWQiOiIyIiwiX2F1dGhfdXNlcl9iYWNrZW5kIjoiZGphbmdvLmNvbnRyaWIuYXV0aC5iYWNrZW5kcy5Nb2RlbEJhY2tlbmQiLCJfYXV0aF91c2VyX2hhc2giOiI3M2VlNjRkMjE1ZGM1Y2ZiZjE0MDA4MTUwYWUxN2Y0OTkxOTU2OGZjIn0=','2019-07-16 07:32:35.615784'),('bbj66w9ol907o7afe64bxkq0wdv9zny7','ODBhNWI5NWY0ODQ4Zjk5OGNiYzgzY2I2OWQzY2U1N2Y1ODE4MzJiZjp7Il9hdXRoX3VzZXJfaWQiOiIyIiwiX2F1dGhfdXNlcl9iYWNrZW5kIjoiZGphbmdvLmNvbnRyaWIuYXV0aC5iYWNrZW5kcy5Nb2RlbEJhY2tlbmQiLCJfYXV0aF91c2VyX2hhc2giOiI3M2VlNjRkMjE1ZGM1Y2ZiZjE0MDA4MTUwYWUxN2Y0OTkxOTU2OGZjIn0=','2019-07-18 11:14:29.680106'),('bndjwk9j2nvs203gql8tbnmh4adljk9d','ODBhNWI5NWY0ODQ4Zjk5OGNiYzgzY2I2OWQzY2U1N2Y1ODE4MzJiZjp7Il9hdXRoX3VzZXJfaWQiOiIyIiwiX2F1dGhfdXNlcl9iYWNrZW5kIjoiZGphbmdvLmNvbnRyaWIuYXV0aC5iYWNrZW5kcy5Nb2RlbEJhY2tlbmQiLCJfYXV0aF91c2VyX2hhc2giOiI3M2VlNjRkMjE1ZGM1Y2ZiZjE0MDA4MTUwYWUxN2Y0OTkxOTU2OGZjIn0=','2019-06-12 12:47:25.718349'),('cyjr8pm9ihy8y4d53ptfqyjnjrxyfdu9','ODBhNWI5NWY0ODQ4Zjk5OGNiYzgzY2I2OWQzY2U1N2Y1ODE4MzJiZjp7Il9hdXRoX3VzZXJfaWQiOiIyIiwiX2F1dGhfdXNlcl9iYWNrZW5kIjoiZGphbmdvLmNvbnRyaWIuYXV0aC5iYWNrZW5kcy5Nb2RlbEJhY2tlbmQiLCJfYXV0aF91c2VyX2hhc2giOiI3M2VlNjRkMjE1ZGM1Y2ZiZjE0MDA4MTUwYWUxN2Y0OTkxOTU2OGZjIn0=','2019-07-15 11:08:53.783360'),('g2kxnxah9xzhagc4f2b4uu5g1n0whdak','ZDY4NTVhZTdhMDBhOWY4YzRiYWQ4MjY5NWRiM2VhNDNhNGFkNDVkZjp7Il9hdXRoX3VzZXJfaWQiOiI2NSIsIl9hdXRoX3VzZXJfYmFja2VuZCI6ImRqYW5nby5jb250cmliLmF1dGguYmFja2VuZHMuTW9kZWxCYWNrZW5kIiwiX2F1dGhfdXNlcl9oYXNoIjoiZjZjM2MzNDI1ZGM4ZDQ5ZDA0ZTIxOGE4OTkyYzZmMTQ1ZGFiOTk0ZSJ9','2019-07-16 05:15:31.793567'),('gfbgdno4z16jx3cf8ihfn0mfkiy5qy8h','ODBhNWI5NWY0ODQ4Zjk5OGNiYzgzY2I2OWQzY2U1N2Y1ODE4MzJiZjp7Il9hdXRoX3VzZXJfaWQiOiIyIiwiX2F1dGhfdXNlcl9iYWNrZW5kIjoiZGphbmdvLmNvbnRyaWIuYXV0aC5iYWNrZW5kcy5Nb2RlbEJhY2tlbmQiLCJfYXV0aF91c2VyX2hhc2giOiI3M2VlNjRkMjE1ZGM1Y2ZiZjE0MDA4MTUwYWUxN2Y0OTkxOTU2OGZjIn0=','2019-07-19 09:38:26.266324'),('h7kf7o72zonw1h3xadgblh3vmys54u18','NGUxZmYwNjA3MjVlNjQxZDg3ZDI1OTdlYjM5NGM0MWZiNTMwNmU3Mzp7fQ==','2019-07-13 12:08:40.838995'),('hysk8sxl75xb3nyh51eax9expkzcqhyk','ODdkZGQzZjhiNTE4NTBmNGQzZDY3MjBiNWNlMjczZTY4ZGI2OWI3Njp7Il9hdXRoX3VzZXJfaWQiOiIxIiwiX2F1dGhfdXNlcl9iYWNrZW5kIjoiZGphbmdvLmNvbnRyaWIuYXV0aC5iYWNrZW5kcy5Nb2RlbEJhY2tlbmQiLCJfYXV0aF91c2VyX2hhc2giOiJhNWY2MDg2N2ZhOTQwNDAyNzk1NzE2YzE1MWJlN2ExMDliMGEyMjEwIn0=','2019-06-24 05:58:36.378934'),('iv6cgtyythp90i8voqr8qaqrb4b4la1d','NGUxZmYwNjA3MjVlNjQxZDg3ZDI1OTdlYjM5NGM0MWZiNTMwNmU3Mzp7fQ==','2019-07-16 07:07:45.505018'),('kq3pavbh29seerkhtxc73sybu5pv2xh7','NGUxZmYwNjA3MjVlNjQxZDg3ZDI1OTdlYjM5NGM0MWZiNTMwNmU3Mzp7fQ==','2019-07-16 06:34:36.322183'),('krndb15g3clqv0x9q2npysu5ptdrsv31','ODIzYWVlNWY3YWU5NDdhMTQ0ZGM2OWRhNDY2ZDY3YTY0MDA2OTkzNTp7Il9hdXRoX3VzZXJfaWQiOiI2NCIsIl9hdXRoX3VzZXJfYmFja2VuZCI6ImRqYW5nby5jb250cmliLmF1dGguYmFja2VuZHMuTW9kZWxCYWNrZW5kIiwiX2F1dGhfdXNlcl9oYXNoIjoiOWY4ZDgwZTNkMWI4M2RkMTE5OGVmZTE4ZjM0ZTFmN2M3YmViNWFiNiJ9','2019-07-19 10:54:40.649108'),('lcndze32w61e7c81a1489jj9djyup6wy','NGUxZmYwNjA3MjVlNjQxZDg3ZDI1OTdlYjM5NGM0MWZiNTMwNmU3Mzp7fQ==','2019-07-16 07:00:04.658822'),('n6yo2ay9517c7hxzorv3j3klfoee0r59','OTE3MDRlNjVhNDA5ODQxMWEzMjAxMzAwNjJjMGU1N2E4OTk5ZDZlZDp7Il9hdXRoX3VzZXJfaWQiOiI2IiwiX2F1dGhfdXNlcl9iYWNrZW5kIjoiZGphbmdvLmNvbnRyaWIuYXV0aC5iYWNrZW5kcy5Nb2RlbEJhY2tlbmQiLCJfYXV0aF91c2VyX2hhc2giOiI1MzMyOWVkM2I2MzkyMmUwN2FhOWQzOWE2NjJmMmYzODNlZjlkMDgwIn0=','2019-07-10 05:58:37.155477'),('ncu6zbo1p7xvgqpbj96oh4a5ubqgxzw9','ODBhNWI5NWY0ODQ4Zjk5OGNiYzgzY2I2OWQzY2U1N2Y1ODE4MzJiZjp7Il9hdXRoX3VzZXJfaWQiOiIyIiwiX2F1dGhfdXNlcl9iYWNrZW5kIjoiZGphbmdvLmNvbnRyaWIuYXV0aC5iYWNrZW5kcy5Nb2RlbEJhY2tlbmQiLCJfYXV0aF91c2VyX2hhc2giOiI3M2VlNjRkMjE1ZGM1Y2ZiZjE0MDA4MTUwYWUxN2Y0OTkxOTU2OGZjIn0=','2019-07-02 07:31:12.106856'),('pd4x78kyq9mjzdbod2hvdw3ehnv8k2bo','ODBhNWI5NWY0ODQ4Zjk5OGNiYzgzY2I2OWQzY2U1N2Y1ODE4MzJiZjp7Il9hdXRoX3VzZXJfaWQiOiIyIiwiX2F1dGhfdXNlcl9iYWNrZW5kIjoiZGphbmdvLmNvbnRyaWIuYXV0aC5iYWNrZW5kcy5Nb2RlbEJhY2tlbmQiLCJfYXV0aF91c2VyX2hhc2giOiI3M2VlNjRkMjE1ZGM1Y2ZiZjE0MDA4MTUwYWUxN2Y0OTkxOTU2OGZjIn0=','2019-06-27 06:06:19.478563'),('pxtsa7owfujra918cpm3gti9qta5qaqy','NGUxZmYwNjA3MjVlNjQxZDg3ZDI1OTdlYjM5NGM0MWZiNTMwNmU3Mzp7fQ==','2019-07-16 06:26:49.749283'),('qz7rlsr8bwh56vohipcq1lijqjgccey4','ODBhNWI5NWY0ODQ4Zjk5OGNiYzgzY2I2OWQzY2U1N2Y1ODE4MzJiZjp7Il9hdXRoX3VzZXJfaWQiOiIyIiwiX2F1dGhfdXNlcl9iYWNrZW5kIjoiZGphbmdvLmNvbnRyaWIuYXV0aC5iYWNrZW5kcy5Nb2RlbEJhY2tlbmQiLCJfYXV0aF91c2VyX2hhc2giOiI3M2VlNjRkMjE1ZGM1Y2ZiZjE0MDA4MTUwYWUxN2Y0OTkxOTU2OGZjIn0=','2019-07-17 06:20:58.778073'),('stobxxrcaaxr2es8ydynrwd1fenzmngb','ODBhNWI5NWY0ODQ4Zjk5OGNiYzgzY2I2OWQzY2U1N2Y1ODE4MzJiZjp7Il9hdXRoX3VzZXJfaWQiOiIyIiwiX2F1dGhfdXNlcl9iYWNrZW5kIjoiZGphbmdvLmNvbnRyaWIuYXV0aC5iYWNrZW5kcy5Nb2RlbEJhY2tlbmQiLCJfYXV0aF91c2VyX2hhc2giOiI3M2VlNjRkMjE1ZGM1Y2ZiZjE0MDA4MTUwYWUxN2Y0OTkxOTU2OGZjIn0=','2019-06-26 10:06:28.491502'),('t9icdau1m9de73f8ckcg07z9sn58avxp','NGUxZmYwNjA3MjVlNjQxZDg3ZDI1OTdlYjM5NGM0MWZiNTMwNmU3Mzp7fQ==','2019-07-16 07:01:36.049297'),('tjgon4o6sikyjdtexi99cg5bbn8jtfx4','NGUxZmYwNjA3MjVlNjQxZDg3ZDI1OTdlYjM5NGM0MWZiNTMwNmU3Mzp7fQ==','2019-07-12 06:31:37.819698'),('ufgz6doe9js4gf1gssy6f3rjfvhcdtvx','ODBhNWI5NWY0ODQ4Zjk5OGNiYzgzY2I2OWQzY2U1N2Y1ODE4MzJiZjp7Il9hdXRoX3VzZXJfaWQiOiIyIiwiX2F1dGhfdXNlcl9iYWNrZW5kIjoiZGphbmdvLmNvbnRyaWIuYXV0aC5iYWNrZW5kcy5Nb2RlbEJhY2tlbmQiLCJfYXV0aF91c2VyX2hhc2giOiI3M2VlNjRkMjE1ZGM1Y2ZiZjE0MDA4MTUwYWUxN2Y0OTkxOTU2OGZjIn0=','2019-06-26 12:26:07.546933'),('uvmv1zwuy07wvjw0lid10p8w92s0bmnm','NGUxZmYwNjA3MjVlNjQxZDg3ZDI1OTdlYjM5NGM0MWZiNTMwNmU3Mzp7fQ==','2019-07-13 12:11:38.898868'),('xzdgdah1370kjm4mdwll97obhjnu4p89','NGUxZmYwNjA3MjVlNjQxZDg3ZDI1OTdlYjM5NGM0MWZiNTMwNmU3Mzp7fQ==','2019-07-13 12:10:09.439664'),('y8lf09xkj8zl31740sj6wmyztpi8s3oy','NGUxZmYwNjA3MjVlNjQxZDg3ZDI1OTdlYjM5NGM0MWZiNTMwNmU3Mzp7fQ==','2019-07-16 04:42:43.636911'),('yw5zidbpmp1ierkmhrjy5qjwpreqh8gr','NGUxZmYwNjA3MjVlNjQxZDg3ZDI1OTdlYjM5NGM0MWZiNTMwNmU3Mzp7fQ==','2019-07-12 06:31:30.234257'),('zn8k2nxewj17pc4izz8a48c52tq6tz0g','ODBhNWI5NWY0ODQ4Zjk5OGNiYzgzY2I2OWQzY2U1N2Y1ODE4MzJiZjp7Il9hdXRoX3VzZXJfaWQiOiIyIiwiX2F1dGhfdXNlcl9iYWNrZW5kIjoiZGphbmdvLmNvbnRyaWIuYXV0aC5iYWNrZW5kcy5Nb2RlbEJhY2tlbmQiLCJfYXV0aF91c2VyX2hhc2giOiI3M2VlNjRkMjE1ZGM1Y2ZiZjE0MDA4MTUwYWUxN2Y0OTkxOTU2OGZjIn0=','2019-06-26 12:24:22.410881');
/*!40000 ALTER TABLE `django_session` ENABLE KEYS */;
UNLOCK TABLES;

--
-- Table structure for table `module_dynamicforms`
--

DROP TABLE IF EXISTS `module_dynamicforms`;
/*!40101 SET @saved_cs_client     = @@character_set_client */;
/*!40101 SET character_set_client = utf8 */;
CREATE TABLE `module_dynamicforms` (
  `id` int(11) NOT NULL AUTO_INCREMENT,
  `form_name` varchar(100) NOT NULL,
  `form_field` longtext NOT NULL,
  `revision` int(11) NOT NULL,
  `module_id` int(11) DEFAULT NULL,
  `school_id_id` int(11) DEFAULT NULL,
  `user_id_id` int(11) DEFAULT NULL,
  PRIMARY KEY (`id`),
  KEY `module_dynamicforms_module_id_9cae45ff_fk_accounts_module_id` (`module_id`),
  KEY `module_dynamicforms_school_id_id_c13af83a_fk_accounts_profile_id` (`school_id_id`),
  KEY `module_dynamicforms_user_id_id_d09d8a26_fk_auth_user_id` (`user_id_id`),
  CONSTRAINT `module_dynamicforms_module_id_9cae45ff_fk_accounts_module_id` FOREIGN KEY (`module_id`) REFERENCES `accounts_module` (`id`),
  CONSTRAINT `module_dynamicforms_school_id_id_c13af83a_fk_accounts_profile_id` FOREIGN KEY (`school_id_id`) REFERENCES `accounts_profile` (`id`),
  CONSTRAINT `module_dynamicforms_user_id_id_d09d8a26_fk_auth_user_id` FOREIGN KEY (`user_id_id`) REFERENCES `auth_user` (`id`)
) ENGINE=InnoDB AUTO_INCREMENT=20 DEFAULT CHARSET=latin1;
/*!40101 SET character_set_client = @saved_cs_client */;

--
-- Dumping data for table `module_dynamicforms`
--

LOCK TABLES `module_dynamicforms` WRITE;
/*!40000 ALTER TABLE `module_dynamicforms` DISABLE KEYS */;
INSERT INTO `module_dynamicforms` VALUES (18,'inquiries','[{\"type\":\"header\",\"subtype\":\"h1\",\"label\":\"Admission Inquiry Form\"},{\"type\":\"number\",\"label\":\"S.No:\",\"className\":\"form-control\",\"name\":\"number-1559192472215\"},{\"type\":\"textarea\",\"label\":\"Text Area\",\"className\":\"form-control\",\"name\":\"textarea-1560402983849\",\"subtype\":\"textarea\"},{\"type\":\"date\",\"label\":\"Date:\",\"className\":\"form-control\",\"name\":\"date-1559192420009\"},{\"type\":\"text\",\"required\":true,\"label\":\"Admin. No:\",\"name\":\"text-1559192495133\",\"subtype\":\"text\",\"className\":\"red form-control\"},{\"type\":\"text\",\"subtype\":\"email\",\"label\":\"Email\",\"name\":\"text-1560403411640\",\"className\":\"red form-control\"},{\"type\":\"text\",\"required\":true,\"label\":\"Student\'s Name:\",\"name\":\"text-1559192521346\",\"subtype\":\"text\",\"className\":\"red form-control\"},{\"type\":\"text\",\"label\":\"Grade\",\"name\":\"text-1559192559263\",\"subtype\":\"text\",\"className\":\"red form-control\"},{\"type\":\"text\",\"label\":\"Parent\'s Name:\",\"name\":\"text-1559192622404\",\"subtype\":\"text\",\"className\":\"red form-control\"},{\"type\":\"textarea\",\"label\":\"Address :\",\"className\":\"form-control\",\"name\":\"textarea-1559192684683\",\"subtype\":\"textarea\"},{\"type\":\"number\",\"required\":true,\"label\":\"Mobile:\",\"className\":\"form-control\",\"name\":\"number-1559192704331\"},{\"type\":\"number\",\"label\":\"Mobile:\",\"className\":\"form-control\",\"name\":\"number-1559192727273\"},{\"type\":\"text\",\"label\":\"Class to which admission is sought:\",\"name\":\"text-1559192742555\",\"subtype\":\"text\",\"className\":\"red form-control\"},{\"type\":\"paragraph\",\"subtype\":\"p\",\"label\":\"Paragraph\"},{\"type\":\"textarea\",\"label\":\"Name &amp; Address of the school previously studied:\",\"className\":\"form-control\",\"name\":\"textarea-1559192807326\",\"subtype\":\"textarea\"},{\"type\":\"select\",\"label\":\"Select\",\"className\":\"form-control\",\"name\":\"select-1560488438039\",\"values\":[{\"label\":\"Option 1\",\"value\":\"option-1\",\"selected\":true},{\"label\":\"Option 2\",\"value\":\"option-2\"},{\"label\":\"Option 3\",\"value\":\"option-3\"}]},{\"type\":\"text\",\"label\":\"How do you know about Ashirwad Global School: Neighbors / Newspaper / Pamphlet / School Staff / Electronic Media / Hoardings / Others\",\"name\":\"text-1559192905428\",\"subtype\":\"text\",\"className\":\"red form-control\"},{\"type\":\"text\",\"label\":\"Reasons to change from the present school:\",\"name\":\"text-1559193132935\",\"subtype\":\"text\",\"className\":\"red form-control\"},{\"type\":\"text\",\"label\":\"Name of the Staff:\",\"name\":\"text-1559193280510\",\"subtype\":\"text\",\"className\":\"red form-control\"},{\"type\":\"paragraph\",\"subtype\":\"address\",\"label\":\"Ashirwad Global School, Shorapur Road, Hunasagi, Yadgir(Dist), Karanataka-585215 +91 6362 694 311 / 6361 367 322/ 8147 910 744\"},{\"type\":\"file\",\"label\":\"File Upload\",\"className\":\"form-control\",\"name\":\"file-1562238361432\",\"subtype\":\"file\"},{\"type\":\"file\",\"label\":\"File Upload\",\"className\":\"form-control\",\"name\":\"file-1562240451854\",\"subtype\":\"file\"},{\"type\":\"date\",\"label\":\"Date Field\",\"className\":\"form-control\",\"name\":\"date-1562241410069\"},{\"type\":\"autocomplete\",\"label\":\"Autocomplete\",\"className\":\"form-control\",\"name\":\"autocomplete-1562241427350\",\"values\":[{\"label\":\"Option 1\",\"value\":\"option-1\"},{\"label\":\"Option 2\",\"value\":\"option-2\"},{\"label\":\"Option 3\",\"value\":\"option-3\"}]},{\"type\":\"number\",\"label\":\"Phone Number\",\"className\":\"form-control\",\"name\":\"number-1562241455703\"}]',6,2,48,64),(19,'admissions','[{\"type\":\"header\",\"subtype\":\"h1\",\"label\":\"Admission Form\"},{\"type\":\"text\",\"required\":true,\"label\":\"Admission No: AGS\",\"name\":\"text-1559023801203\",\"subtype\":\"text\",\"maxlength\":4,\"className\":\"red form-control\"},{\"type\":\"text\",\"required\":true,\"label\":\"Name of the Student in Full (Fill in Capital Letters)\",\"name\":\"text-1559016878281\",\"subtype\":\"text\",\"className\":\"red form-control\"},{\"type\":\"date\",\"label\":\"Date of birth\",\"className\":\"form-control\",\"name\":\"date-1559016958824\"},{\"type\":\"text\",\"label\":\"Place of birth\",\"name\":\"text-1559016978267\",\"subtype\":\"text\",\"className\":\"red form-control\"},{\"type\":\"text\",\"label\":\"Religion\",\"name\":\"text-1559017015700\",\"subtype\":\"text\",\"className\":\"red form-control\"},{\"type\":\"select\",\"label\":\"Caste\",\"className\":\"form-control\",\"name\":\"select-1559199600332\",\"values\":[{\"label\":\"OC\",\"value\":\"OC\",\"selected\":true},{\"label\":\"BC\",\"value\":\"BC\"},{\"label\":\"SC\",\"value\":\"SC\"},{\"label\":\"ST\",\"value\":\"ST\"}]},{\"type\":\"select\",\"label\":\"Gender\",\"className\":\"form-control\",\"name\":\"select-1559199657857\",\"values\":[{\"label\":\"Male\",\"value\":\"Male\",\"selected\":true},{\"label\":\"Female\",\"value\":\"Female\"}]},{\"type\":\"text\",\"label\":\"Nationality\",\"name\":\"text-1559017190856\",\"subtype\":\"text\",\"className\":\"red form-control\"},{\"type\":\"text\",\"label\":\"Mother Tongue\",\"name\":\"text-1559017215670\",\"subtype\":\"text\",\"className\":\"red form-control\"},{\"type\":\"number\",\"required\":true,\"label\":\"Aadhar Number:\",\"className\":\"form-control\",\"name\":\"number-1559192166265\"},{\"type\":\"textarea\",\"label\":\"Identification Marks:\",\"className\":\"form-control\",\"name\":\"textarea-1559017280658\",\"value\":\"1)                                                                                                                       2)\",\"subtype\":\"textarea\",\"rows\":2},{\"type\":\"text\",\"label\":\"Father\'s Name:\",\"name\":\"text-1559017341328\",\"subtype\":\"text\",\"className\":\"red form-control\"},{\"type\":\"number\",\"label\":\"Ph\",\"className\":\"form-control\",\"name\":\"number-1559017360442\"},{\"type\":\"text\",\"label\":\"Occupation:\",\"name\":\"text-1559017375619\",\"subtype\":\"text\",\"className\":\"red form-control\"},{\"type\":\"text\",\"subtype\":\"email\",\"required\":true,\"label\":\"Email:\",\"name\":\"text-1559017400376\",\"className\":\"red form-control\"},{\"type\":\"number\",\"label\":\"Aadhar Number:\",\"className\":\"form-control\",\"name\":\"number-1559192190022\"},{\"type\":\"text\",\"label\":\"Mother\'s Name:\",\"name\":\"text-1559017438943\",\"subtype\":\"text\",\"className\":\"red form-control\"},{\"type\":\"number\",\"label\":\"Ph\",\"className\":\"form-control\",\"name\":\"number-1559017459310\"},{\"type\":\"text\",\"label\":\"Occupation:\",\"name\":\"text-1559017470655\",\"subtype\":\"text\",\"className\":\"red form-control\"},{\"type\":\"text\",\"subtype\":\"email\",\"required\":true,\"label\":\"Email:\",\"name\":\"text-1559017478308\",\"className\":\"red form-control\"},{\"type\":\"number\",\"required\":true,\"label\":\"Aadhar Number:\",\"className\":\"form-control\",\"name\":\"number-1559192206416\"},{\"type\":\"textarea\",\"label\":\"Address:\",\"className\":\"form-control\",\"name\":\"textarea-1559017515832\",\"subtype\":\"textarea\"},{\"type\":\"number\",\"label\":\"Ph\",\"className\":\"form-control\",\"name\":\"number-1559017534259\"},{\"type\":\"text\",\"label\":\"Grade to which admission is now sought:\",\"name\":\"text-1559017580097\",\"subtype\":\"text\",\"className\":\"red form-control\"},{\"type\":\"header\",\"subtype\":\"h4\",\"label\":\"FOR OFFICE USE ONLY \"},{\"type\":\"text\",\"label\":\"Admission Number:\",\"name\":\"text-1559026385984\",\"subtype\":\"text\",\"className\":\"red form-control\"},{\"type\":\"text\",\"label\":\"Grade:\",\"name\":\"text-1559026409687\",\"subtype\":\"text\",\"className\":\"red form-control\"},{\"type\":\"date\",\"label\":\"Date of Admission:\",\"className\":\"form-control\",\"name\":\"date-1559026432486\"},{\"type\":\"paragraph\",\"subtype\":\"p\",\"label\":\"ADMIN STAFF&nbsp;&nbsp;&nbsp;&nbsp;&nbsp;&nbsp;&nbsp;&nbsp;&nbsp;&nbsp;&nbsp;&nbsp;&nbsp;&nbsp;&nbsp;&nbsp;&nbsp;&nbsp;&nbsp;&nbsp;&nbsp;&nbsp;&nbsp;&nbsp;&nbsp;&nbsp;&nbsp;&nbsp;&nbsp;&nbsp;&nbsp;&nbsp;&nbsp;&nbsp;&nbsp;&nbsp;&nbsp;&nbsp;&nbsp;&nbsp;&nbsp;&nbsp;&nbsp;&nbsp;&nbsp;&nbsp;&nbsp;&nbsp;&nbsp;&nbsp;&nbsp;&nbsp;&nbsp;&nbsp;&nbsp;&nbsp;&nbsp; DIRECTOR\"},{\"type\":\"text\",\"label\":\"a) Previous school attended:\",\"name\":\"text-1559026548884\",\"subtype\":\"text\",\"className\":\"red form-control\"},{\"type\":\"textarea\",\"label\":\"b) Address:\",\"className\":\"form-control\",\"name\":\"textarea-1559026715649\",\"subtype\":\"textarea\"},{\"type\":\"text\",\"label\":\"Grade:\",\"name\":\"text-1559026664213\",\"subtype\":\"text\",\"className\":\"red form-control\"},{\"type\":\"select\",\"label\":\"Conveyance from home to school : ( Please select )\",\"className\":\"form-control\",\"name\":\"select-1559208482342\",\"values\":[{\"label\":\"a) By Person\",\"value\":\"a) By Person\",\"selected\":true},{\"label\":\"b) By School Transport\",\"value\":\"b) By School Transport\"},{\"label\":\"c) By other Transport\",\"value\":\"c) By other Transport\"}]},{\"type\":\"text\",\"label\":\"Whom to contact : (If parents are not available) &amp; Relationship\",\"name\":\"text-1559026800092\",\"subtype\":\"text\",\"className\":\"red form-control\"},{\"type\":\"number\",\"label\":\"Phone Number\",\"className\":\"form-control\",\"name\":\"number-1559026832517\"},{\"type\":\"text\",\"label\":\"Medical illness / Allergies / Psychological conditions (if any):\",\"name\":\"text-1559026887305\",\"subtype\":\"text\",\"className\":\"red form-control\"},{\"type\":\"text\",\"label\":\"Blood Group :\",\"name\":\"text-1559026915218\",\"subtype\":\"text\",\"className\":\"red form-control\"},{\"type\":\"text\",\"label\":\"Assessment held on :&nbsp; &amp;&nbsp; for Admission into Class :\",\"name\":\"text-1559027159256\",\"subtype\":\"text\",\"className\":\"red form-control\"},{\"type\":\"textarea\",\"subtype\":\"tinymce\",\"label\":\"Performance in the Assessment Test:\",\"className\":\"form-control\",\"name\":\"textarea-1559026980716\"},{\"type\":\"checkbox-group\",\"label\":\"Documents to be submitted:\",\"name\":\"checkbox-group-1559027271326\",\"values\":[{\"label\":\"a) Passport size Photographs(4 Nos.)\",\"value\":\"a) Passport size Photographs(4 Nos.)\",\"selected\":true},{\"label\":\"b) Photo Copies of (i) Birth Certificate (ii) Aadhar Card (iii) Immunization Card\",\"value\":\"b) Photo Copies of (i) Birth Certificate (ii) Aadhar Card (iii) Immunization Card\"},{\"label\":\"c) (i) Record Sheet / Transfer Certificate in Original (ii) Progress Report of Prevoius Class\",\"value\":\"c) (i) Record Sheet / Transfer Certificate in Original (ii) Progress Report of Prevoius Class\"},{\"label\":\"d) Caste Certificate (expect O.C) issued by competent authority as per Govt. norms\",\"value\":\"d) Caste Certificate (expect O.C) issued by competent authority as per Govt. norms\"}]},{\"type\":\"checkbox-group\",\"label\":\"School Fee should be paid in 3 terms ( at the time of admission, May 15th, September 15th and December 15th). Fee once paid will not be refunded under any circumstances. The rules and regulations of the School and note to the parents are available at the office and in the school diary\",\"name\":\"checkbox-group-1559027679754\",\"values\":[{\"label\":\"I agree to abide by the rules and regulations of the school.\",\"value\":\"I agree to abide by the rules and regulations of the school.\"}]},{\"type\":\"file\",\"label\":\"Father\'s Signature :\",\"className\":\"form-control\",\"name\":\"file-1559028008458\",\"subtype\":\"file\"},{\"type\":\"file\",\"label\":\"Mother\'s Signature :\",\"className\":\"form-control\",\"name\":\"file-1559028059390\",\"subtype\":\"file\"},{\"type\":\"file\",\"label\":\"Guardian\'s Signature :\",\"className\":\"form-control\",\"name\":\"file-1559028076187\",\"subtype\":\"file\"},{\"type\":\"date\",\"label\":\"Date:\",\"className\":\"form-control\",\"name\":\"date-1559028113820\"},{\"type\":\"paragraph\",\"subtype\":\"address\",\"label\":\"Ashirwad Global School, Shorapur Road, Hunasagi, Yadgir(Dist), Karanataka-585215 +91 6362 694 311 / 6361 367 322/ 8147 910 744\"}]',1,1,48,64);
/*!40000 ALTER TABLE `module_dynamicforms` ENABLE KEYS */;
UNLOCK TABLES;

--
-- Table structure for table `module_sampleforms`
--

DROP TABLE IF EXISTS `module_sampleforms`;
/*!40101 SET @saved_cs_client     = @@character_set_client */;
/*!40101 SET character_set_client = utf8 */;
CREATE TABLE `module_sampleforms` (
  `id` int(11) NOT NULL AUTO_INCREMENT,
  `form_name` varchar(100) NOT NULL,
  `form_field` longtext,
  `revision` int(11) NOT NULL,
  PRIMARY KEY (`id`)
) ENGINE=InnoDB AUTO_INCREMENT=5 DEFAULT CHARSET=latin1;
/*!40101 SET character_set_client = @saved_cs_client */;

--
-- Dumping data for table `module_sampleforms`
--

LOCK TABLES `module_sampleforms` WRITE;
/*!40000 ALTER TABLE `module_sampleforms` DISABLE KEYS */;
INSERT INTO `module_sampleforms` VALUES (3,'admissions','[{\"type\":\"header\",\"subtype\":\"h1\",\"label\":\"Admission Form\"},{\"type\":\"text\",\"required\":true,\"label\":\"Admission No: AGS\",\"name\":\"text-1559023801203\",\"subtype\":\"text\",\"maxlength\":4,\"className\":\"red form-control\"},{\"type\":\"text\",\"required\":true,\"label\":\"Name of the Student in Full (Fill in Capital Letters)\",\"name\":\"text-1559016878281\",\"subtype\":\"text\",\"className\":\"red form-control\"},{\"type\":\"date\",\"label\":\"Date of birth\",\"className\":\"form-control\",\"name\":\"date-1559016958824\"},{\"type\":\"text\",\"label\":\"Place of birth\",\"name\":\"text-1559016978267\",\"subtype\":\"text\",\"className\":\"red form-control\"},{\"type\":\"text\",\"label\":\"Religion\",\"name\":\"text-1559017015700\",\"subtype\":\"text\",\"className\":\"red form-control\"},{\"type\":\"select\",\"label\":\"Caste\",\"className\":\"form-control\",\"name\":\"select-1559199600332\",\"values\":[{\"label\":\"OC\",\"value\":\"OC\",\"selected\":true},{\"label\":\"BC\",\"value\":\"BC\"},{\"label\":\"SC\",\"value\":\"SC\"},{\"label\":\"ST\",\"value\":\"ST\"}]},{\"type\":\"select\",\"label\":\"Gender\",\"className\":\"form-control\",\"name\":\"select-1559199657857\",\"values\":[{\"label\":\"Male\",\"value\":\"Male\",\"selected\":true},{\"label\":\"Female\",\"value\":\"Female\"}]},{\"type\":\"text\",\"label\":\"Nationality\",\"name\":\"text-1559017190856\",\"subtype\":\"text\",\"className\":\"red form-control\"},{\"type\":\"text\",\"label\":\"Mother Tongue\",\"name\":\"text-1559017215670\",\"subtype\":\"text\",\"className\":\"red form-control\"},{\"type\":\"number\",\"required\":true,\"label\":\"Aadhar Number:\",\"className\":\"form-control\",\"name\":\"number-1559192166265\"},{\"type\":\"textarea\",\"label\":\"Identification Marks:\",\"className\":\"form-control\",\"name\":\"textarea-1559017280658\",\"value\":\"1)                                                                                                                       2)\",\"subtype\":\"textarea\",\"rows\":2},{\"type\":\"text\",\"label\":\"Father\'s Name:\",\"name\":\"text-1559017341328\",\"subtype\":\"text\",\"className\":\"red form-control\"},{\"type\":\"number\",\"label\":\"Ph\",\"className\":\"form-control\",\"name\":\"number-1559017360442\"},{\"type\":\"text\",\"label\":\"Occupation:\",\"name\":\"text-1559017375619\",\"subtype\":\"text\",\"className\":\"red form-control\"},{\"type\":\"text\",\"subtype\":\"email\",\"required\":true,\"label\":\"Email:\",\"name\":\"text-1559017400376\",\"className\":\"red form-control\"},{\"type\":\"number\",\"label\":\"Aadhar Number:\",\"className\":\"form-control\",\"name\":\"number-1559192190022\"},{\"type\":\"text\",\"label\":\"Mother\'s Name:\",\"name\":\"text-1559017438943\",\"subtype\":\"text\",\"className\":\"red form-control\"},{\"type\":\"number\",\"label\":\"Ph\",\"className\":\"form-control\",\"name\":\"number-1559017459310\"},{\"type\":\"text\",\"label\":\"Occupation:\",\"name\":\"text-1559017470655\",\"subtype\":\"text\",\"className\":\"red form-control\"},{\"type\":\"text\",\"subtype\":\"email\",\"required\":true,\"label\":\"Email:\",\"name\":\"text-1559017478308\",\"className\":\"red form-control\"},{\"type\":\"number\",\"required\":true,\"label\":\"Aadhar Number:\",\"className\":\"form-control\",\"name\":\"number-1559192206416\"},{\"type\":\"textarea\",\"label\":\"Address:\",\"className\":\"form-control\",\"name\":\"textarea-1559017515832\",\"subtype\":\"textarea\"},{\"type\":\"number\",\"label\":\"Ph\",\"className\":\"form-control\",\"name\":\"number-1559017534259\"},{\"type\":\"text\",\"label\":\"Grade to which admission is now sought:\",\"name\":\"text-1559017580097\",\"subtype\":\"text\",\"className\":\"red form-control\"},{\"type\":\"header\",\"subtype\":\"h4\",\"label\":\"FOR OFFICE USE ONLY \"},{\"type\":\"text\",\"label\":\"Admission Number:\",\"name\":\"text-1559026385984\",\"subtype\":\"text\",\"className\":\"red form-control\"},{\"type\":\"text\",\"label\":\"Grade:\",\"name\":\"text-1559026409687\",\"subtype\":\"text\",\"className\":\"red form-control\"},{\"type\":\"date\",\"label\":\"Date of Admission:\",\"className\":\"form-control\",\"name\":\"date-1559026432486\"},{\"type\":\"paragraph\",\"subtype\":\"p\",\"label\":\"ADMIN STAFF&nbsp;&nbsp;&nbsp;&nbsp;&nbsp;&nbsp;&nbsp;&nbsp;&nbsp;&nbsp;&nbsp;&nbsp;&nbsp;&nbsp;&nbsp;&nbsp;&nbsp;&nbsp;&nbsp;&nbsp;&nbsp;&nbsp;&nbsp;&nbsp;&nbsp;&nbsp;&nbsp;&nbsp;&nbsp;&nbsp;&nbsp;&nbsp;&nbsp;&nbsp;&nbsp;&nbsp;&nbsp;&nbsp;&nbsp;&nbsp;&nbsp;&nbsp;&nbsp;&nbsp;&nbsp;&nbsp;&nbsp;&nbsp;&nbsp;&nbsp;&nbsp;&nbsp;&nbsp;&nbsp;&nbsp;&nbsp;&nbsp; DIRECTOR\"},{\"type\":\"text\",\"label\":\"a) Previous school attended:\",\"name\":\"text-1559026548884\",\"subtype\":\"text\",\"className\":\"red form-control\"},{\"type\":\"textarea\",\"label\":\"b) Address:\",\"className\":\"form-control\",\"name\":\"textarea-1559026715649\",\"subtype\":\"textarea\"},{\"type\":\"text\",\"label\":\"Grade:\",\"name\":\"text-1559026664213\",\"subtype\":\"text\",\"className\":\"red form-control\"},{\"type\":\"select\",\"label\":\"Conveyance from home to school : ( Please select )\",\"className\":\"form-control\",\"name\":\"select-1559208482342\",\"values\":[{\"label\":\"a) By Person\",\"value\":\"a) By Person\",\"selected\":true},{\"label\":\"b) By School Transport\",\"value\":\"b) By School Transport\"},{\"label\":\"c) By other Transport\",\"value\":\"c) By other Transport\"}]},{\"type\":\"text\",\"label\":\"Whom to contact : (If parents are not available) &amp; Relationship\",\"name\":\"text-1559026800092\",\"subtype\":\"text\",\"className\":\"red form-control\"},{\"type\":\"number\",\"label\":\"Phone Number\",\"className\":\"form-control\",\"name\":\"number-1559026832517\"},{\"type\":\"text\",\"label\":\"Medical illness / Allergies / Psychological conditions (if any):\",\"name\":\"text-1559026887305\",\"subtype\":\"text\",\"className\":\"red form-control\"},{\"type\":\"text\",\"label\":\"Blood Group :\",\"name\":\"text-1559026915218\",\"subtype\":\"text\",\"className\":\"red form-control\"},{\"type\":\"text\",\"label\":\"Assessment held on :&nbsp; &amp;&nbsp; for Admission into Class :\",\"name\":\"text-1559027159256\",\"subtype\":\"text\",\"className\":\"red form-control\"},{\"type\":\"textarea\",\"subtype\":\"tinymce\",\"label\":\"Performance in the Assessment Test:\",\"className\":\"form-control\",\"name\":\"textarea-1559026980716\"},{\"type\":\"checkbox-group\",\"label\":\"Documents to be submitted:\",\"name\":\"checkbox-group-1559027271326\",\"values\":[{\"label\":\"a) Passport size Photographs(4 Nos.)\",\"value\":\"a) Passport size Photographs(4 Nos.)\",\"selected\":true},{\"label\":\"b) Photo Copies of (i) Birth Certificate (ii) Aadhar Card (iii) Immunization Card\",\"value\":\"b) Photo Copies of (i) Birth Certificate (ii) Aadhar Card (iii) Immunization Card\"},{\"label\":\"c) (i) Record Sheet / Transfer Certificate in Original (ii) Progress Report of Prevoius Class\",\"value\":\"c) (i) Record Sheet / Transfer Certificate in Original (ii) Progress Report of Prevoius Class\"},{\"label\":\"d) Caste Certificate (expect O.C) issued by competent authority as per Govt. norms\",\"value\":\"d) Caste Certificate (expect O.C) issued by competent authority as per Govt. norms\"}]},{\"type\":\"checkbox-group\",\"label\":\"School Fee should be paid in 3 terms ( at the time of admission, May 15th, September 15th and December 15th). Fee once paid will not be refunded under any circumstances. The rules and regulations of the School and note to the parents are available at the office and in the school diary\",\"name\":\"checkbox-group-1559027679754\",\"values\":[{\"label\":\"I agree to abide by the rules and regulations of the school.\",\"value\":\"I agree to abide by the rules and regulations of the school.\"}]},{\"type\":\"file\",\"label\":\"Father\'s Signature :\",\"className\":\"form-control\",\"name\":\"file-1559028008458\",\"subtype\":\"file\"},{\"type\":\"file\",\"label\":\"Mother\'s Signature :\",\"className\":\"form-control\",\"name\":\"file-1559028059390\",\"subtype\":\"file\"},{\"type\":\"file\",\"label\":\"Guardian\'s Signature :\",\"className\":\"form-control\",\"name\":\"file-1559028076187\",\"subtype\":\"file\"},{\"type\":\"date\",\"label\":\"Date:\",\"className\":\"form-control\",\"name\":\"date-1559028113820\"},{\"type\":\"paragraph\",\"subtype\":\"address\",\"label\":\"Ashirwad Global School, Shorapur Road, Hunasagi, Yadgir(Dist), Karanataka-585215 +91 6362 694 311 / 6361 367 322/ 8147 910 744\"}]',1),(4,'inquiries','[{\"type\":\"header\",\"subtype\":\"h1\",\"label\":\"Admission Inquiry Form\"},{\"type\":\"number\",\"label\":\"S.No:\",\"className\":\"form-control\",\"name\":\"number-1559192472215\"},{\"type\":\"textarea\",\"label\":\"Text Area\",\"className\":\"form-control\",\"name\":\"textarea-1560402983849\",\"subtype\":\"textarea\"},{\"type\":\"date\",\"label\":\"Date:\",\"className\":\"form-control\",\"name\":\"date-1559192420009\"},{\"type\":\"text\",\"required\":true,\"label\":\"Admin. No:\",\"name\":\"text-1559192495133\",\"subtype\":\"text\",\"className\":\"red form-control\"},{\"type\":\"text\",\"subtype\":\"email\",\"label\":\"Email\",\"name\":\"text-1560403411640\",\"className\":\"red form-control\"},{\"type\":\"text\",\"required\":true,\"label\":\"Student\'s Name:\",\"name\":\"text-1559192521346\",\"subtype\":\"text\",\"className\":\"red form-control\"},{\"type\":\"text\",\"label\":\"Grade\",\"name\":\"text-1559192559263\",\"subtype\":\"text\",\"className\":\"red form-control\"},{\"type\":\"text\",\"label\":\"Parent\'s Name:\",\"name\":\"text-1559192622404\",\"subtype\":\"text\",\"className\":\"red form-control\"},{\"type\":\"textarea\",\"label\":\"Address :\",\"className\":\"form-control\",\"name\":\"textarea-1559192684683\",\"subtype\":\"textarea\"},{\"type\":\"number\",\"required\":true,\"label\":\"Mobile:\",\"className\":\"form-control\",\"name\":\"number-1559192704331\"},{\"type\":\"number\",\"label\":\"Mobile:\",\"className\":\"form-control\",\"name\":\"number-1559192727273\"},{\"type\":\"text\",\"label\":\"Class to which admission is sought:\",\"name\":\"text-1559192742555\",\"subtype\":\"text\",\"className\":\"red form-control\"},{\"type\":\"paragraph\",\"subtype\":\"p\",\"label\":\"Paragraph\"},{\"type\":\"textarea\",\"label\":\"Name &amp; Address of the school previously studied:\",\"className\":\"form-control\",\"name\":\"textarea-1559192807326\",\"subtype\":\"textarea\"},{\"type\":\"select\",\"label\":\"Select\",\"className\":\"form-control\",\"name\":\"select-1560488438039\",\"values\":[{\"label\":\"Option 1\",\"value\":\"option-1\",\"selected\":true},{\"label\":\"Option 2\",\"value\":\"option-2\"},{\"label\":\"Option 3\",\"value\":\"option-3\"}]},{\"type\":\"text\",\"label\":\"How do you know about Ashirwad Global School: Neighbors / Newspaper / Pamphlet / School Staff / Electronic Media / Hoardings / Others\",\"name\":\"text-1559192905428\",\"subtype\":\"text\",\"className\":\"red form-control\"},{\"type\":\"text\",\"label\":\"Reasons to change from the present school:\",\"name\":\"text-1559193132935\",\"subtype\":\"text\",\"className\":\"red form-control\"},{\"type\":\"text\",\"label\":\"Name of the Staff:\",\"name\":\"text-1559193280510\",\"subtype\":\"text\",\"className\":\"red form-control\"},{\"type\":\"paragraph\",\"subtype\":\"address\",\"label\":\"Ashirwad Global School, Shorapur Road, Hunasagi, Yadgir(Dist), Karanataka-585215 +91 6362 694 311 / 6361 367 322/ 8147 910 744\"}]',1);
/*!40000 ALTER TABLE `module_sampleforms` ENABLE KEYS */;
UNLOCK TABLES;

--
-- Table structure for table `module_savedforms`
--

DROP TABLE IF EXISTS `module_savedforms`;
/*!40101 SET @saved_cs_client     = @@character_set_client */;
/*!40101 SET character_set_client = utf8 */;
CREATE TABLE `module_savedforms` (
  `id` int(11) NOT NULL AUTO_INCREMENT,
  `saved_form_details` longtext,
  `revision` int(11) NOT NULL,
  `dynamic_forms_id` int(11) DEFAULT NULL,
  `school_id_id` int(11) DEFAULT NULL,
  `user_id_id` int(11) DEFAULT NULL,
  `status_wrkflw` tinyint(1) NOT NULL,
  `created_on` datetime(6) NOT NULL,
  PRIMARY KEY (`id`),
  KEY `module_savedforms_dynamic_forms_id_f3167020_fk_module_dy` (`dynamic_forms_id`),
  KEY `module_savedforms_school_id_id_19e9c5c1_fk_accounts_profile_id` (`school_id_id`),
  KEY `module_savedforms_user_id_id_7c644424_fk_auth_user_id` (`user_id_id`),
  CONSTRAINT `module_savedforms_dynamic_forms_id_f3167020_fk_module_dy` FOREIGN KEY (`dynamic_forms_id`) REFERENCES `module_dynamicforms` (`id`),
  CONSTRAINT `module_savedforms_school_id_id_19e9c5c1_fk_accounts_profile_id` FOREIGN KEY (`school_id_id`) REFERENCES `accounts_profile` (`id`),
  CONSTRAINT `module_savedforms_user_id_id_7c644424_fk_auth_user_id` FOREIGN KEY (`user_id_id`) REFERENCES `auth_user` (`id`)
) ENGINE=InnoDB AUTO_INCREMENT=17 DEFAULT CHARSET=latin1;
/*!40101 SET character_set_client = @saved_cs_client */;

--
-- Dumping data for table `module_savedforms`
--

LOCK TABLES `module_savedforms` WRITE;
/*!40000 ALTER TABLE `module_savedforms` DISABLE KEYS */;
INSERT INTO `module_savedforms` VALUES (15,'[{\"name\":\"number-1559192472215\",\"value\":\"1\"},{\"name\":\"textarea-1560402983849\",\"value\":\"\"},{\"name\":\"date-1559192420009\",\"value\":\"\"},{\"name\":\"text-1559192495133\",\"value\":\"1\"},{\"name\":\"text-1560403411640\",\"value\":\"\"},{\"name\":\"text-1559192521346\",\"value\":\"vignesh\"},{\"name\":\"text-1559192559263\",\"value\":\"\"},{\"name\":\"text-1559192622404\",\"value\":\"\"},{\"name\":\"textarea-1559192684683\",\"value\":\"176/80c putthen veedu\"},{\"name\":\"number-1559192704331\",\"value\":\"8122787598\"},{\"name\":\"number-1559192727273\",\"value\":\"\"},{\"name\":\"text-1559192742555\",\"value\":\"\"},{\"name\":\"textarea-1559192807326\",\"value\":\"\"},{\"name\":\"select-1560488438039\",\"value\":\"\"},{\"name\":\"text-1559192905428\",\"value\":\"\"},{\"name\":\"text-1559193132935\",\"value\":\"\"},{\"name\":\"text-1559193280510\",\"value\":\"\"},{\"name\":\"file-1562238361432\",\"value\":\"\"},{\"name\":\"file-1562240451854\",\"value\":\"\"},{\"name\":\"date-1562241410069\",\"value\":\"\"},{\"name\":\"autocomplete-1562241427350\",\"value\":\"\"},{\"name\":\"number-1562241455703\",\"value\":\"\"},{\"name\":\"saved_form_details\",\"value\":\"\"}]',6,18,48,64,0,'2019-07-05 06:41:57.465619'),(16,'[{\"name\":\"number-1559192472215\",\"value\":\"1\"},{\"name\":\"textarea-1560402983849\",\"value\":\"\"},{\"name\":\"date-1559192420009\",\"value\":\"\"},{\"name\":\"text-1559192495133\",\"value\":\"1\"},{\"name\":\"text-1560403411640\",\"value\":\"\"},{\"name\":\"text-1559192521346\",\"value\":\"eewwq\"},{\"name\":\"text-1559192559263\",\"value\":\"\"},{\"name\":\"text-1559192622404\",\"value\":\"\"},{\"name\":\"textarea-1559192684683\",\"value\":\"176/80c putthen veedu\"},{\"name\":\"number-1559192704331\",\"value\":\"8122787598\"},{\"name\":\"number-1559192727273\",\"value\":\"\"},{\"name\":\"text-1559192742555\",\"value\":\"\"},{\"name\":\"textarea-1559192807326\",\"value\":\"\"},{\"name\":\"select-1560488438039\",\"value\":\"\"},{\"name\":\"text-1559192905428\",\"value\":\"\"},{\"name\":\"text-1559193132935\",\"value\":\"\"},{\"name\":\"text-1559193280510\",\"value\":\"\"},{\"name\":\"file-1562238361432\",\"value\":\"\"},{\"name\":\"file-1562240451854\",\"value\":\"\"},{\"name\":\"date-1562241410069\",\"value\":\"\"},{\"name\":\"autocomplete-1562241427350\",\"value\":\"\"},{\"name\":\"number-1562241455703\",\"value\":\"\"},{\"name\":\"saved_form_details\",\"value\":\"\"}]',6,18,48,64,0,'2019-07-05 06:42:51.948421');
/*!40000 ALTER TABLE `module_savedforms` ENABLE KEYS */;
UNLOCK TABLES;

--
-- Table structure for table `workflow_createrule`
--

DROP TABLE IF EXISTS `workflow_createrule`;
/*!40101 SET @saved_cs_client     = @@character_set_client */;
/*!40101 SET character_set_client = utf8 */;
CREATE TABLE `workflow_createrule` (
  `id` int(11) NOT NULL AUTO_INCREMENT,
  `module` varchar(50) NOT NULL,
  `rule_name` varchar(50) NOT NULL,
  `description` varchar(50) NOT NULL,
  `dynamicforms_id` int(11) NOT NULL,
  `created_on` datetime(6) NOT NULL,
  PRIMARY KEY (`id`),
  KEY `workflow_createrule_dynamicforms_id_764756c9_fk_module_dy` (`dynamicforms_id`),
  CONSTRAINT `workflow_createrule_dynamicforms_id_764756c9_fk_module_dy` FOREIGN KEY (`dynamicforms_id`) REFERENCES `module_dynamicforms` (`id`)
) ENGINE=InnoDB DEFAULT CHARSET=latin1;
/*!40101 SET character_set_client = @saved_cs_client */;

--
-- Dumping data for table `workflow_createrule`
--

LOCK TABLES `workflow_createrule` WRITE;
/*!40000 ALTER TABLE `workflow_createrule` DISABLE KEYS */;
/*!40000 ALTER TABLE `workflow_createrule` ENABLE KEYS */;
UNLOCK TABLES;

--
-- Table structure for table `workflow_dynamicformoutput`
--

DROP TABLE IF EXISTS `workflow_dynamicformoutput`;
/*!40101 SET @saved_cs_client     = @@character_set_client */;
/*!40101 SET character_set_client = utf8 */;
CREATE TABLE `workflow_dynamicformoutput` (
  `id` int(11) NOT NULL AUTO_INCREMENT,
  `field_name` varchar(500) DEFAULT NULL,
  `field_value` varchar(500) DEFAULT NULL,
  `condition_satisfies` int(11) NOT NULL,
  `dynamicforms_id` int(11) NOT NULL,
  PRIMARY KEY (`id`),
  KEY `workflow_dynamicform_dynamicforms_id_78333bdd_fk_module_dy` (`dynamicforms_id`),
  CONSTRAINT `workflow_dynamicform_dynamicforms_id_78333bdd_fk_module_dy` FOREIGN KEY (`dynamicforms_id`) REFERENCES `module_dynamicforms` (`id`)
) ENGINE=InnoDB AUTO_INCREMENT=9 DEFAULT CHARSET=latin1;
/*!40101 SET character_set_client = @saved_cs_client */;

--
-- Dumping data for table `workflow_dynamicformoutput`
--

LOCK TABLES `workflow_dynamicformoutput` WRITE;
/*!40000 ALTER TABLE `workflow_dynamicformoutput` DISABLE KEYS */;
INSERT INTO `workflow_dynamicformoutput` VALUES (1,'number-1559192472215','1',1,18),(2,'textarea-1560402983849','vignesh',1,18),(3,'number-1559192472215','1',1,18),(4,'textarea-1560402983849','vignesh',1,18),(5,'number-1559192472215','1',1,18),(6,'textarea-1560402983849','vignesh',1,18),(7,'number-1559192472215','1',1,18),(8,'textarea-1560402983849','vignesh',1,18);
/*!40000 ALTER TABLE `workflow_dynamicformoutput` ENABLE KEYS */;
UNLOCK TABLES;

--
-- Table structure for table `workflow_emailnotification`
--

DROP TABLE IF EXISTS `workflow_emailnotification`;
/*!40101 SET @saved_cs_client     = @@character_set_client */;
/*!40101 SET character_set_client = utf8 */;
CREATE TABLE `workflow_emailnotification` (
  `id` int(11) NOT NULL AUTO_INCREMENT,
  `name` varchar(255) DEFAULT NULL,
  `email_recipients` varchar(254) NOT NULL,
  `additional_recipients` longtext,
  `email_template_id` int(11) DEFAULT NULL,
  `send_as` varchar(254) NOT NULL,
  `created_on` datetime(6) NOT NULL,
  `create_rule_id` int(11) DEFAULT NULL,
  PRIMARY KEY (`id`),
  KEY `workflow_emailnotifi_create_rule_id_64d50a73_fk_workflow_` (`create_rule_id`),
  KEY `workflow_emailnotification_email_template_id_bc69dd77` (`email_template_id`),
  CONSTRAINT `workflow_emailnotifi_create_rule_id_64d50a73_fk_workflow_` FOREIGN KEY (`create_rule_id`) REFERENCES `workflow_createrule` (`id`),
  CONSTRAINT `workflow_emailnotifi_email_template_id_bc69dd77_fk_workflow_` FOREIGN KEY (`email_template_id`) REFERENCES `workflow_emailtemplate` (`id`)
) ENGINE=InnoDB DEFAULT CHARSET=latin1;
/*!40101 SET character_set_client = @saved_cs_client */;

--
-- Dumping data for table `workflow_emailnotification`
--

LOCK TABLES `workflow_emailnotification` WRITE;
/*!40000 ALTER TABLE `workflow_emailnotification` DISABLE KEYS */;
/*!40000 ALTER TABLE `workflow_emailnotification` ENABLE KEYS */;
UNLOCK TABLES;

--
-- Table structure for table `workflow_emailschedulereport`
--

DROP TABLE IF EXISTS `workflow_emailschedulereport`;
/*!40101 SET @saved_cs_client     = @@character_set_client */;
/*!40101 SET character_set_client = utf8 */;
CREATE TABLE `workflow_emailschedulereport` (
  `id` int(11) NOT NULL AUTO_INCREMENT,
  `name` varchar(255) DEFAULT NULL,
  `email_template_id` int(11) DEFAULT NULL,
  `email_recipients` longtext,
  `time_in_minute` int(11) NOT NULL,
  `time` int(11) DEFAULT NULL,
  `time_unit` varchar(255) DEFAULT NULL,
  `created_on` datetime(6) NOT NULL,
  `create_rule_id` int(11) NOT NULL,
  PRIMARY KEY (`id`),
  KEY `workflow_emailschedu_create_rule_id_2f6caead_fk_workflow_` (`create_rule_id`),
  KEY `workflow_emailschedulereport_email_template_id_d2266a85` (`email_template_id`),
  CONSTRAINT `workflow_emailschedu_create_rule_id_2f6caead_fk_workflow_` FOREIGN KEY (`create_rule_id`) REFERENCES `workflow_createrule` (`id`),
  CONSTRAINT `workflow_emailschedu_email_template_id_d2266a85_fk_workflow_` FOREIGN KEY (`email_template_id`) REFERENCES `workflow_emailtemplate` (`id`)
) ENGINE=InnoDB DEFAULT CHARSET=latin1;
/*!40101 SET character_set_client = @saved_cs_client */;

--
-- Dumping data for table `workflow_emailschedulereport`
--

LOCK TABLES `workflow_emailschedulereport` WRITE;
/*!40000 ALTER TABLE `workflow_emailschedulereport` DISABLE KEYS */;
/*!40000 ALTER TABLE `workflow_emailschedulereport` ENABLE KEYS */;
UNLOCK TABLES;

--
-- Table structure for table `workflow_emailtemplate`
--

DROP TABLE IF EXISTS `workflow_emailtemplate`;
/*!40101 SET @saved_cs_client     = @@character_set_client */;
/*!40101 SET character_set_client = utf8 */;
CREATE TABLE `workflow_emailtemplate` (
  `id` int(11) NOT NULL AUTO_INCREMENT,
  `template_name` varchar(120) NOT NULL,
  `subject` varchar(220) NOT NULL,
  `content` longtext NOT NULL,
  `created_on` datetime(6) NOT NULL,
  `modified_on` datetime(6) NOT NULL,
  `module_name_id` int(11) DEFAULT NULL,
  `school_id` int(11) NOT NULL,
  PRIMARY KEY (`id`),
  KEY `workflow_emailtempla_module_name_id_d34ab823_fk_accounts_` (`module_name_id`),
  KEY `workflow_emailtemplate_school_id_8aa2c7c2_fk_accounts_profile_id` (`school_id`),
  CONSTRAINT `workflow_emailtempla_module_name_id_d34ab823_fk_accounts_` FOREIGN KEY (`module_name_id`) REFERENCES `accounts_module` (`id`),
  CONSTRAINT `workflow_emailtemplate_school_id_8aa2c7c2_fk_accounts_profile_id` FOREIGN KEY (`school_id`) REFERENCES `accounts_profile` (`id`)
) ENGINE=InnoDB AUTO_INCREMENT=2 DEFAULT CHARSET=latin1;
/*!40101 SET character_set_client = @saved_cs_client */;

--
-- Dumping data for table `workflow_emailtemplate`
--

LOCK TABLES `workflow_emailtemplate` WRITE;
/*!40000 ALTER TABLE `workflow_emailtemplate` DISABLE KEYS */;
INSERT INTO `workflow_emailtemplate` VALUES (1,'dsad','asdad','<p>asdad</p>','2019-07-04 08:36:56.183588','2019-07-04 08:36:56.183605',2,48);
/*!40000 ALTER TABLE `workflow_emailtemplate` ENABLE KEYS */;
UNLOCK TABLES;

--
-- Table structure for table `workflow_scheduledemaillist`
--

DROP TABLE IF EXISTS `workflow_scheduledemaillist`;
/*!40101 SET @saved_cs_client     = @@character_set_client */;
/*!40101 SET character_set_client = utf8 */;
CREATE TABLE `workflow_scheduledemaillist` (
  `id` int(11) NOT NULL AUTO_INCREMENT,
  `from_email` varchar(200) NOT NULL,
  `to_email` varchar(200) NOT NULL,
  `subject` varchar(200) NOT NULL,
  `content` longtext NOT NULL,
  `campaign_template` longtext,
  `msg_id` varchar(255) DEFAULT NULL,
  `schedule_time` datetime(6) NOT NULL,
  `status` varchar(200) DEFAULT NULL,
  `created_on` datetime(6) NOT NULL,
  `created_by_id` int(11) NOT NULL,
  `module_id` int(11) NOT NULL,
  PRIMARY KEY (`id`),
  KEY `workflow_scheduledem_created_by_id_4835be1c_fk_auth_user` (`created_by_id`),
  KEY `workflow_scheduledem_module_id_5ac62209_fk_accounts_` (`module_id`),
  CONSTRAINT `workflow_scheduledem_created_by_id_4835be1c_fk_auth_user` FOREIGN KEY (`created_by_id`) REFERENCES `auth_user` (`id`),
  CONSTRAINT `workflow_scheduledem_module_id_5ac62209_fk_accounts_` FOREIGN KEY (`module_id`) REFERENCES `accounts_module` (`id`)
) ENGINE=InnoDB AUTO_INCREMENT=4 DEFAULT CHARSET=latin1;
/*!40101 SET character_set_client = @saved_cs_client */;

--
-- Dumping data for table `workflow_scheduledemaillist`
--

LOCK TABLES `workflow_scheduledemaillist` WRITE;
/*!40000 ALTER TABLE `workflow_scheduledemaillist` DISABLE KEYS */;
INSERT INTO `workflow_scheduledemaillist` VALUES (1,'vigneshtk@schoolserv.in','subash@schoolserv.in','temp.subject','','email_note.email_template','<201907041041.73556266529@smtp-relay.sendinblue.com>','2019-07-04 08:41:01.228878','success','2019-07-04 08:41:01.228895',64,2),(2,'vigneshtk@schoolserv.in','subash@schoolserv.in','temp.subject','','email_note.email_template','<201907041043.32965218340@smtp-relay.sendinblue.com>','2019-07-04 08:43:11.140095','success','2019-07-04 08:43:11.140133',64,2),(3,'vigneshtk@schoolserv.in','subash@schoolserv.in','temp.subject','','email_note.email_template','<201907041045.92030165982@smtp-relay.sendinblue.com>','2019-07-04 08:45:37.266014','success','2019-07-04 08:45:37.266035',64,2);
/*!40000 ALTER TABLE `workflow_scheduledemaillist` ENABLE KEYS */;
UNLOCK TABLES;

--
-- Table structure for table `workflow_workflow`
--

DROP TABLE IF EXISTS `workflow_workflow`;
/*!40101 SET @saved_cs_client     = @@character_set_client */;
/*!40101 SET character_set_client = utf8 */;
CREATE TABLE `workflow_workflow` (
  `id` int(11) NOT NULL AUTO_INCREMENT,
  `actions` varchar(50) DEFAULT NULL,
  `conditions` varchar(50) DEFAULT NULL,
  `action_numb` int(11) DEFAULT NULL,
  `active` tinyint(1) NOT NULL,
  `created_on` datetime(6) NOT NULL,
  PRIMARY KEY (`id`)
) ENGINE=InnoDB AUTO_INCREMENT=11 DEFAULT CHARSET=latin1;
/*!40101 SET character_set_client = @saved_cs_client */;

--
-- Dumping data for table `workflow_workflow`
--

LOCK TABLES `workflow_workflow` WRITE;
/*!40000 ALTER TABLE `workflow_workflow` DISABLE KEYS */;
INSERT INTO `workflow_workflow` VALUES (1,'Create','create',1,1,'2019-06-12 12:22:59.536519'),(2,'Edit','Edit',1,1,'2019-06-12 12:23:14.343068'),(3,'is','arthimatic',2,1,'2019-06-12 12:24:38.147139'),(4,'isn\'t','arthimatic',2,1,'2019-06-12 12:25:15.489406'),(5,'contains','arthimatic',2,1,'2019-06-12 12:25:41.597638'),(6,'doesn\'t contain','arthimatic',2,1,'2019-06-12 12:26:43.079276'),(7,'start with','arthimatic',2,1,'2019-06-12 12:30:05.072448'),(8,'ends with','arthimatic',2,1,'2019-06-12 12:30:25.830772'),(9,'is empty','arthimatic',2,1,'2019-06-12 12:30:41.410183'),(10,'is not empty','arthimatic',2,1,'2019-06-12 12:30:57.131738');
/*!40000 ALTER TABLE `workflow_workflow` ENABLE KEYS */;
UNLOCK TABLES;

--
-- Table structure for table `workflow_workflowcondition`
--

DROP TABLE IF EXISTS `workflow_workflowcondition`;
/*!40101 SET @saved_cs_client     = @@character_set_client */;
/*!40101 SET character_set_client = utf8 */;
CREATE TABLE `workflow_workflowcondition` (
  `id` int(11) NOT NULL AUTO_INCREMENT,
  `actions` varchar(500) DEFAULT NULL,
  `name` varchar(200) DEFAULT NULL,
  `action_numb` int(11) DEFAULT NULL,
  `active` int(11) DEFAULT NULL,
  `created_on` datetime(6) NOT NULL,
  `createrule_id` int(11) NOT NULL,
  `revision` int(11) DEFAULT NULL,
  `module_id` int(11) NOT NULL,
  PRIMARY KEY (`id`),
  KEY `workflow_workflowcon_createrule_id_568deeb4_fk_workflow_` (`createrule_id`),
  KEY `workflow_workflowcon_module_id_4aebc318_fk_accounts_` (`module_id`),
  CONSTRAINT `workflow_workflowcon_createrule_id_568deeb4_fk_workflow_` FOREIGN KEY (`createrule_id`) REFERENCES `workflow_createrule` (`id`),
  CONSTRAINT `workflow_workflowcon_module_id_4aebc318_fk_accounts_` FOREIGN KEY (`module_id`) REFERENCES `accounts_module` (`id`)
) ENGINE=InnoDB DEFAULT CHARSET=latin1;
/*!40101 SET character_set_client = @saved_cs_client */;

--
-- Dumping data for table `workflow_workflowcondition`
--

LOCK TABLES `workflow_workflowcondition` WRITE;
/*!40000 ALTER TABLE `workflow_workflowcondition` DISABLE KEYS */;
/*!40000 ALTER TABLE `workflow_workflowcondition` ENABLE KEYS */;
UNLOCK TABLES;

--
-- Table structure for table `workflow_workflowleads`
--

DROP TABLE IF EXISTS `workflow_workflowleads`;
/*!40101 SET @saved_cs_client     = @@character_set_client */;
/*!40101 SET character_set_client = utf8 */;
CREATE TABLE `workflow_workflowleads` (
  `id` int(11) NOT NULL AUTO_INCREMENT,
  `leads` varchar(100) DEFAULT NULL,
  `condition_arthimatic` varchar(50) DEFAULT NULL,
  `created_on` datetime(6) NOT NULL,
  `workflowwhen_id` int(11) NOT NULL,
  `condition` varchar(50) DEFAULT NULL,
  PRIMARY KEY (`id`),
  KEY `workflow_workflowlea_workflowwhen_id_33d7655a_fk_workflow_` (`workflowwhen_id`),
  CONSTRAINT `workflow_workflowlea_workflowwhen_id_33d7655a_fk_workflow_` FOREIGN KEY (`workflowwhen_id`) REFERENCES `workflow_workflowwhen` (`id`)
) ENGINE=InnoDB DEFAULT CHARSET=latin1;
/*!40101 SET character_set_client = @saved_cs_client */;

--
-- Dumping data for table `workflow_workflowleads`
--

LOCK TABLES `workflow_workflowleads` WRITE;
/*!40000 ALTER TABLE `workflow_workflowleads` DISABLE KEYS */;
/*!40000 ALTER TABLE `workflow_workflowleads` ENABLE KEYS */;
UNLOCK TABLES;

--
-- Table structure for table `workflow_workflowwhen`
--

DROP TABLE IF EXISTS `workflow_workflowwhen`;
/*!40101 SET @saved_cs_client     = @@character_set_client */;
/*!40101 SET character_set_client = utf8 */;
CREATE TABLE `workflow_workflowwhen` (
  `id` int(11) NOT NULL AUTO_INCREMENT,
  `when` varchar(50) DEFAULT NULL,
  `description` varchar(50) DEFAULT NULL,
  `createrule_id` int(11) NOT NULL,
  PRIMARY KEY (`id`),
  KEY `workflow_workflowwhe_createrule_id_b44570b5_fk_workflow_` (`createrule_id`),
  CONSTRAINT `workflow_workflowwhe_createrule_id_b44570b5_fk_workflow_` FOREIGN KEY (`createrule_id`) REFERENCES `workflow_createrule` (`id`)
) ENGINE=InnoDB DEFAULT CHARSET=latin1;
/*!40101 SET character_set_client = @saved_cs_client */;

--
-- Dumping data for table `workflow_workflowwhen`
--

LOCK TABLES `workflow_workflowwhen` WRITE;
/*!40000 ALTER TABLE `workflow_workflowwhen` DISABLE KEYS */;
/*!40000 ALTER TABLE `workflow_workflowwhen` ENABLE KEYS */;
UNLOCK TABLES;
/*!40103 SET TIME_ZONE=@OLD_TIME_ZONE */;

/*!40101 SET SQL_MODE=@OLD_SQL_MODE */;
/*!40014 SET FOREIGN_KEY_CHECKS=@OLD_FOREIGN_KEY_CHECKS */;
/*!40014 SET UNIQUE_CHECKS=@OLD_UNIQUE_CHECKS */;
/*!40101 SET CHARACTER_SET_CLIENT=@OLD_CHARACTER_SET_CLIENT */;
/*!40101 SET CHARACTER_SET_RESULTS=@OLD_CHARACTER_SET_RESULTS */;
/*!40101 SET COLLATION_CONNECTION=@OLD_COLLATION_CONNECTION */;
/*!40111 SET SQL_NOTES=@OLD_SQL_NOTES */;

-- Dump completed on 2019-07-05 17:46:41
